adjusted_opening,adjusted_total_gross,budget,close,distributor,genre,movie_title,open,rank,rating,release_date,runtime,studio,total_gross,year,theaters_opening,theaters_gross
"$173,408,400","$468,210,100",$130 million,4/3,Lionsgate,Action / Adventure,The Hunger Games: Catching Fire,11/22,1,PG-13,"November 22, 2013",2 hrs. 26 min.,LGF,"$424,668,047",2013,"4,163","4,163"
"$267,000","$449,215,700",$150 million,7/17,Buena Vista,Animation,Frozen,11/22,2,PG,"November 22, 2013",1 hrs. 48 min.,BV,"$400,738,009",2013,1,"3,742"
"$190,353,700","$447,459,600",$200 million,9/12,Buena Vista,Action / Adventure,Iron Man 3,5/3,3,PG-13,"May 3, 2013",2 hrs. 9 min.,BV,"$409,013,994",2013,"4,253","4,253"
"$97,578,900","$429,549,900",$76 million,1/16,Universal,Animation,Despicable Me 2,7/3,4,PG,"July 3, 2013",1 hrs. 38 min.,Uni.,"$368,061,265",2013,"3,997","4,003"
"$127,474,100","$322,894,300",$225 million,9/19,Warner Bros.,Action / Adventure,Man of Steel,6/14,5,PG-13,"June 14, 2013",2 hrs. 23 min.,WB,"$291,045,518",2013,"4,207","4,207"
"$90,101,900","$304,115,900",,12/19,Buena Vista,Animation,Monsters University,6/21,6,G,"June 21, 2013",1 hrs. 47 min.,BV,"$268,492,764",2013,"4,004","4,004"
"$61,196,600","$301,710,600",$100 million,5/8,Warner Bros.,Sci-Fi Thriller,Gravity,10/4,7,PG-13,"October 4, 2013",1 hrs. 31 min.,WB,"$274,092,705",2013,"3,575","3,820"
"$80,789,200","$288,678,200",,4/17,Warner Bros. (New Line),Fantasy,The Hobbit: The Desolation of Smaug,12/13,8,PG-13,"December 13, 2013",2 hrs. 41 min.,WB (NL),"$258,366,855",2013,"3,903","3,928"
"$91,266,000","$268,102,800",$215 million,7/18,Buena Vista,Adventure,Oz The Great and Powerful,3/8,9,PG,"March 8, 2013",2 hrs. 7 min.,BV,"$234,911,825",2013,"3,912","3,912"
"$106,438,800","$261,481,400",$160 million,9/5,Universal,Action,Fast & Furious 6,5/24,10,PG-13,"May 24, 2013",2 hrs. 10 min.,Uni.,"$238,679,850",2013,"3,658","3,771"
"$76,696,500","$250,849,900",$190 million,9/12,Paramount,Sci-Fi Adventure,Star Trek Into Darkness,5/16,11,PG-13,"May 16, 2013",2 hrs. 3 min.,Par.,"$228,778,661",2013,"3,868","3,907"
"$72,593,400","$229,347,100",$190 million,10/10,Paramount,Action Horror,World War Z,6/21,12,PG-13,"June 21, 2013",1 hrs. 56 min.,Par.,"$202,359,711",2013,"3,607","3,607"
"$94,054,900","$226,626,300",$170 million,4/17,Buena Vista,Action / Adventure,Thor: The Dark World,11/8,13,PG-13,"November 8, 2013",2 hrs. 0 min.,BV,"$206,362,140",2013,"3,841","3,841"
"$50,345,100","$208,598,600",$135 million,9/19,Fox,Animation,The Croods,3/22,14,PG,"March 22, 2013",1 hrs. 38 min.,Fox,"$187,168,425",2013,"4,046","4,065"
"$42,755,800","$186,392,400",$43 million,12/12,Fox,Comedy,The Heat,6/28,15,R,"June 28, 2013",1 hrs. 57 min.,Fox,"$159,582,188",2013,"3,181","3,184"
"$30,867,600","$174,942,000",$37 million,12/5,Warner Bros. (New Line),Comedy,We're the Millers,8/7,16,R,"August 7, 2013",1 hrs. 50 min.,WB (NL),"$150,394,119",2013,"3,260","3,445"
"$812,300","$170,563,900",$40 million,4/6,Sony / Columbia,Drama,American Hustle,12/13,17,R,"December 13, 2013",2 hrs. 18 min.,Sony,"$150,117,807",2013,6,"2,629"
"$48,902,400","$160,488,900",$20 million,10/31,Warner Bros. (New Line),Horror,The Conjuring,7/19,18,R,"July 19, 2013",1 hrs. 52 min.,WB (NL),"$137,400,141",2013,"2,903","3,115"
"$54,747,100","$158,536,700",$105 million,8/22,Warner Bros.,Drama,The Great Gatsby (2013),5/10,19,PG-13,"May 10, 2013",2 hrs. 23 min.,WB,"$144,840,419",2013,"3,535","3,550"
"$48,497,300","$156,013,000",$80 million,11/17,Sony / Columbia,Comedy,Grown Ups 2,7/12,20,PG-13,"July 12, 2013",1 hrs. 41 min.,Sony,"$133,668,525",2013,"3,491","3,491"
"$39,859,900","$154,829,600",$35 million,6/6,Universal,Comedy,Identity Thief,2/8,21,R,"February 8, 2013",1 hrs. 51 min.,Uni.,"$134,506,920",2013,"3,141","3,230"
"$62,056,400","$154,766,500",$120 million,12/5,Fox,Action,The Wolverine,7/26,22,PG-13,"July 26, 2013",2 hrs. 6 min.,Fox,"$132,556,852",2013,"3,924","3,924"
"$99,700","$143,939,600",$40 million,4/10,Universal,Action Drama,Lone Survivor,12/25,23,R,"December 25, 2013",2 hrs. 1 min.,Uni.,"$125,095,601",2013,2,"3,285"
"$28,777,100","$140,624,100",$50 million,2/20,Paramount,Comedy,Anchorman 2: The Legend Continues,12/18,24,PG-13,"December 18, 2013",1 hrs. 59 min.,Par.,"$125,168,368Domestic Lifetime Gross: $127,352,707",2013,"3,507","3,507"
"$28,785,400","$135,669,500",$30 million,2/13,Weinstein Company,Drama,Lee Daniels' The Butler,8/16,25,PG-13,"August 16, 2013",2 hrs. 12 min.,Wein.,"$116,632,095",2013,"2,933","3,330"
"$46,725,000","$134,579,000",$130 million,7/18,Paramount,Action,G.I. Joe: Retaliation,3/28,26,PG-13,"March 28, 2013",1 hrs. 39 min.,Par.,"$122,523,060",2013,"3,719","3,734"
"$20,142,800","$133,669,000",$100 million,4/3,Paramount,Drama,The Wolf of Wall Street,12/25,27,R,"December 25, 2013",3 hrs. 0 min.,Par.,"$116,900,694",2013,"2,537","2,557"
"$39,745,400","$131,613,200",$78 million,3/16,Sony / Columbia,Animation,Cloudy with a Chance of Meatballs 2,9/27,28,PG,"September 27, 2013",1 hrs. 35 min.,Sony,"$119,793,567",2013,"4,001","4,001"
"$32,082,300","$130,077,700",$75 million,9/26,Lionsgate/Summit,Thriller,Now You See Me,5/31,29,PG-13,"May 31, 2013",1 hrs. 56 min.,LG/S,"$117,723,989",2013,"2,925","3,082"
"$45,549,900","$122,782,000",$103 million,8/15,Warner Bros.,Comedy,The Hangover Part III,5/23,30,R,"May 23, 2013",1 hrs. 40 min.,WB,"$112,200,072",2013,"3,555","3,565"
"$43,563,000","$118,922,500",$190 million,10/17,Warner Bros.,Sci-Fi Action,Pacific Rim,7/12,31,PG-13,"July 12, 2013",2 hrs. 11 min.,WB,"$101,802,906",2013,"3,275","3,285"
"$36,652,100","$117,927,600",$100 million,9/19,Fox,Animation,Epic,5/24,32,PG,"May 24, 2013",1 hrs. 42 min.,Fox,"$107,518,682",2013,"3,882","3,894"
"$28,213,100","$117,633,900",$55 million,3/2,Sony / Columbia,Drama,Captain Phillips,10/11,33,PG-13,"October 11, 2013",2 hrs. 14 min.,Sony,"$107,100,855",2013,"3,020","3,143"
"$22,647,700","$113,570,500",$32 million,10/6,Sony / Columbia,Comedy,This is the End,6/12,34,R,"June 12, 2013",1 hrs. 47 min.,Sony,"$101,470,202",2013,"3,055","3,055"
"$35,164,700","$111,950,300",$15 million,1/23,Paramount,Comedy,Jackass Presents: Bad Grandpa,10/25,35,R,"October 25, 2013",1 hrs. 33 min.,Par.,"$102,003,019",2013,"3,336","3,345"
"$35,040,800","$110,620,800",$70 million,7/11,FilmDistrict,Thriller,Olympus Has Fallen,3/22,36,R,"March 22, 2013",2 hrs. 0 min.,FD,"$98,925,640",2013,"3,098","3,106"
"$34,826,000","$108,595,300",$115 million,11/24,TriStar,Sci-Fi,Elysium,8/9,37,R,"August 9, 2013",1 hrs. 49 min.,TriS,"$93,050,117",2013,"3,284","3,284"
"$25,975,500","$105,250,100",$50 million,12/19,Buena Vista,Animation,Planes,8/9,38,PG,"August 9, 2013",1 hrs. 32 min.,BV,"$90,288,712",2013,"3,702","3,716"
"$34,129,000","$104,328,700",$215 million,10/10,Buena Vista,Western,The Lone Ranger,7/3,39,PG-13,"July 3, 2013",2 hrs. 29 min.,BV,"$89,302,115",2013,"3,904","3,904"
"$30,045,600","$103,912,700",$40 million,7/25,Warner Bros.,Sports Drama,42,4/12,40,PG-13,"April 12, 2013",2 hrs. 8 min.,WB,"$95,020,213",2013,"3,003","3,405"
"$40,503,500","$97,401,200",$120 million,6/27,Universal,Sci-Fi Adventure,Oblivion,4/19,41,PG-13,"April 19, 2013",2 hrs. 5 min.,Uni.,"$89,107,235",2013,"3,783","3,792"
"$24,901,000","$96,913,500",$135 million,12/12,Fox,Animation,Turbo,7/17,42,PG,"July 17, 2013",1 hrs. 36 min.,Fox,"$83,028,128",2013,"3,806","3,809"
"$47,052,600","$96,176,100",$5 million,12/19,FilmDistrict,Horror,Insidious Chapter 2,9/13,43,PG-13,"September 13, 2013",1 hrs. 45 min.,FD,"$83,586,447",2013,"3,049","3,155"
"$453,500","$94,575,600",$35 million,4/17,Buena Vista,Drama,Saving Mr. Banks,12/13,44,PG-13,"December 13, 2013",2 hrs. 0 min.,BV,"$83,301,580",2013,15,"2,671"
"$31,615,000","$88,279,200",$61 million,10/24,Universal,Action Comedy,2 Guns,8/2,45,R,"August 2, 2013",1 hrs. 49 min.,Uni.,"$75,612,460",2013,"3,025","3,028"
"$27,165,500","$85,412,100",$150 million,9/15,Sony / Columbia,Action Drama,White House Down,6/28,46,PG-13,"June 28, 2013",2 hrs. 17 min.,Sony,"$73,103,784",2013,"3,222","3,222"
"$20,503,000","$82,878,300",$105 million,11/17,Sony / Columbia,Family Comedy,The Smurfs 2,7/31,47,PG,"July 31, 2013",1 hrs. 45 min.,Sony,"$71,017,784",2013,"3,866","3,867"
"$32,766,400","$82,627,100",$15 million,4/4,Universal,Horror,Mama,1/18,48,PG-13,"January 18, 2013",1 hrs. 40 min.,Uni.,"$71,628,180",2013,"2,647","2,781"
"$24,690,000","$82,195,500",$28 million,5/30,Relativity,Romance,Safe Haven,2/14,49,PG-13,"February 14, 2013",1 hrs. 55 min.,Rela.,"$71,349,120",2013,"3,223","3,223"
"$16,825,700","$79,824,800",$90 million,1/30,Fox,Fantasy,Percy Jackson: Sea of Monsters,8/7,50,PG,"August 7, 2013",1 hrs. 46 min.,Fox,"$68,559,554",2013,"3,031","3,080"
"$28,650,800","$77,639,600",$92 million,5/23,Fox,Action,A Good Day to Die Hard,2/14,51,R,"February 14, 2013",1 hrs. 37 min.,Fox,"$67,349,198",2013,"3,553","3,555"
"$33,028,200","$77,393,000",$17 million,1/9,Universal,Comedy / Drama,The Best Man Holiday,11/15,52,R,"November 15, 2013",2 hrs. 2 min.,Uni.,"$70,525,195",2013,"2,024","2,041"
"$23,481,400","$76,504,100",$35 million,5/9,Lionsgate/Summit,Drama,Warm Bodies,2/1,53,PG-13,"February 1, 2013",1 hrs. 37 min.,LG/S,"$66,380,662",2013,"3,009","3,009"
"$31,381,900","$74,912,600",$195 million,6/13,Warner Bros. (New Line),Adventure,Jack the Giant Slayer,3/1,54,PG-13,"March 1, 2013",1 hrs. 54 min.,WB (NL),"$65,187,603",2013,"3,525","3,525"
"$37,228,500","$70,693,300",$3 million,8/8,Universal,Thriller,The Purge,6/7,55,R,"June 7, 2013",1 hrs. 25 min.,Uni.,"$64,473,115",2013,"2,536","2,591"
"$17,919,100","$70,193,500",$28 million,2/20,CBS Films,Comedy,Last Vegas,11/1,56,PG-13,"November 1, 2013",1 hrs. 30 min.,CBS,"$63,914,167",2013,"3,065","3,237"
"$24,322,000","$68,895,500",$46 million,12/5,Warner Bros.,Action Thriller,Prisoners,9/20,57,R,"September 20, 2013",2 hrs. 26 min.,WB,"$61,002,302",2013,"3,260","3,290"
"$29,638,200","$67,771,100",$110 million,1/9,Lionsgate/Summit,Sci-Fi,Ender's Game,11/1,58,PG-13,"November 1, 2013",1 hrs. 54 min.,LG/S,"$61,737,191",2013,"3,407","3,407"
"$30,081,600","$66,351,000",$130 million,8/18,Sony / Columbia,Sci-Fi,After Earth,5/31,59,PG-13,"May 31, 2013",1 hrs. 40 min.,Sony,"$60,522,097",2013,"3,401","3,401"
"$14,003,800","$66,336,300",$90 million,4/10,Fox,Comedy,The Secret Life of Walter Mitty,12/25,60,PG,"December 25, 2013",1 hrs. 54 min.,Fox,"$58,236,838",2013,"2,909","2,922"
"$18,332,800","$65,586,400",$40 million,7/25,Weinstein Company,Animation,Escape From Planet Earth,2/15,61,PG,"February 15, 2013",1 hrs. 29 min.,Wein.,"$57,012,977",2013,"3,288","3,353"
"$22,716,500","$64,222,100",$50 million,4/25,Paramount,Action Comedy,Hansel and Gretel: Witch Hunters,1/25,62,R,"January 25, 2013",1 hrs. 28 min.,Par.,"$55,703,475",2013,"3,372","3,375"
"$1,013,300","$63,182,100",$20 million,5/8,Fox Searchlight,Drama,12 Years a Slave,10/18,63,R,"October 18, 2013",2 hrs. 13 min.,FoxS,"$56,671,993",2013,19,"1,474"
"$21,087,200","$62,197,600",$84 million,10/17,Lionsgate/Summit,Action Comedy,Red 2,7/19,64,PG-13,"July 19, 2013",1 hrs. 56 min.,LG/S,"$53,262,560",2013,"3,016","3,016"
"$17,338,400","$61,241,500",$55 million,3/20,Relativity,Animation,Free Birds,11/1,65,PG,"November 1, 2013",1 hrs. 30 min.,Rela.,"$55,750,480",2013,"3,736","3,736"
"$28,175,000","$59,288,400",$17 million,6/9,TriStar,Horror,Evil Dead (2013),4/5,66,R,"April 5, 2013",1 hrs. 31 min.,TriS,"$54,239,856",2013,"3,025","3,025"
"$19,749,100","$58,801,300",$13 million,6/9,TriStar,Thriller,The Call,3/15,67,R,"March 15, 2013",1 hrs. 35 min.,TriS,"$51,872,378",2013,"2,507","2,507"
"$17,560,500","$58,512,400",,2/13,Lionsgate,Comedy,Tyler Perry's A Madea Christmas,12/13,68,PG-13,"December 13, 2013",1 hrs. 45 min.,LGF,"$52,543,354",2013,"2,194","2,194"
"$24,967,000","$56,813,200",,5/30,Lionsgate,Drama,Tyler Perry's Temptation: Confessions of a Marriage Counselor,3/29,69,PG-13,"March 29, 2013",1 hrs. 51 min.,LGF,"$51,975,354",2013,"2,047","2,047"
"$22,128,800","$54,557,200",$26 million,8/29,Paramount,Action,Pain and Gain,4/26,70,R,"April 26, 2013",2 hrs. 9 min.,Par.,"$49,875,291",2013,"3,277","3,303"
"$19,693,200","$53,067,600",$60 million,4/4,Warner Bros.,Crime Drama,Gangster Squad,1/11,71,R,"January 11, 2013",1 hrs. 53 min.,WB,"$46,000,903",2013,"3,103","3,103"
"$9,167,500","$51,291,800",,12/12,Lionsgate,Foreign,Instructions Not Included,8/30,72,PG-13,"August 30, 2013",1 hrs. 55 min.,LGF,"$44,467,206",2013,348,978
"$20,353,300","$49,610,400",$10 million,5/23,Universal,Sci-Fi Horror,Jurassic Park 3D,4/5,73,PG-13,"April 5, 2013",2 hrs. 7 min.,Uni.,"$45,385,935Domestic Lifetime Gross: $402,453,882",2013,"2,771","2,778"
"$15,190,800","$49,404,400",,5/30,Lionsgate/Summit,Action,Snitch,2/22,74,PG-13,"February 22, 2013",1 hrs. 52 min.,LG/S,"$42,930,462",2013,"2,511","2,511"
"$18,937,900","$49,161,600",$58 million,9/12,Fox,Comedy,The Internship,6/7,75,PG-13,"June 7, 2013",1 hrs. 59 min.,Fox,"$44,672,764",2013,"3,366","3,399"
"$22,234,500","$48,845,600",$38 million,10/31,Universal,Sci-Fi Fantasy,Riddick,9/6,76,R,"September 6, 2013",1 hrs. 59 min.,Uni.,"$42,025,135",2013,"3,107","3,117"
"$20,883,000","$46,194,200",$2.5 million,3/3,Open Road Films,Comedy,A Haunted House,1/11,77,R,"January 11, 2013",1 hrs. 20 min.,ORF,"$40,041,683",2013,"2,160","2,160"
"$10,871,700","$43,570,500",$175 million,2/6,Universal,Action Drama,47 Ronin,12/25,78,PG-13,"December 25, 2013",2 hrs. 7 min.,Uni.,"$38,362,475",2013,"2,689","2,690"
"$196,700","$43,423,000",,5/8,Weinstein Company,Comedy / Drama,August: Osage County,12/27,79,R,"December 27, 2013",2 hrs. 10 min.,Wein.,"$37,738,810",2013,5,"2,411"
"$140,900","$42,580,900",$12 million,5/22,Weinstein Company,Drama,Philomena,11/22,80,PG-13,"November 22, 2013",1 hrs. 35 min.,Wein.,"$37,709,979",2013,4,"1,225"
"$16,397,800","$42,500,500",$30 million,1/9,Relativity,Action Comedy,The Family (2013),9/13,81,R,"September 13, 2013",1 hrs. 52 min.,Rela.,"$36,918,811",2013,"3,091","3,091"
"$7,779,900","$40,777,900",$80 million,4/10,Fox,Family Adventure,Walking with Dinosaurs,12/20,82,PG,"December 20, 2013",1 hrs. 27 min.,Fox,"$36,076,121",2013,"3,231","3,243"
"$25,085,600","$39,618,700",,2/28,Lionsgate,Horror,Texas Chainsaw 3D,1/4,83,R,"January 4, 2013",1 hrs. 32 min.,LGF,"$34,341,945",2013,"2,654","2,659"
"$14,828,200","$39,279,200",$130 million,9/26,Universal,Action / Adventure,R.I.P.D.,7/19,84,PG-13,"July 19, 2013",1 hrs. 36 min.,Uni.,"$33,618,855",2013,"2,852","2,852"
"$715,100","$38,811,800",,4/3,Sony Classics,Comedy,Blue Jasmine,7/26,85,PG-13,"July 26, 2013",1 hrs. 38 min.,SPC,"$33,405,481",2013,6,"1,283"
"$17,663,500","$38,687,700",$30 million,11/24,Sony / Screen Gems,Horror,Carrie (2013),10/18,86,R,"October 18, 2013",1 hrs. 32 min.,SGem,"$35,266,619",2013,"3,157","3,157"
"$11,719,300","$37,672,900",,8/22,Lionsgate/Summit,Concert,Kevin Hart: Let Me Explain,7/3,87,R,"July 3, 2013",1 hrs. 15 min.,LG/S,"$32,244,051",2013,876,892
"$10,732,600","$37,051,700",,5/16,Open Road Films,Thriller,Side Effects (2013),2/8,88,R,"February 8, 2013",1 hrs. 46 min.,ORF,"$32,172,757",2013,"2,605","2,605"
"$10,909,000","$36,390,500",$60 million,10/6,Sony / Screen Gems,Fantasy Drama,The Mortal Instruments: City of Bones,8/21,89,PG-13,"August 21, 2013",2 hrs. 0 min.,SGem,"$31,165,421",2013,"3,118","3,118"
"$15,475,100","$35,017,600",$20 million,7/25,Weinstein / Dimension,Comedy,Scary Movie 5,4/12,90,PG-13,"April 12, 2013",1 hrs. 25 min.,W/Dim.,"$32,015,787",2013,"3,402","3,402"
"$7,703,200","$33,972,000",$40 million,3/13,Warner Bros.,Sports Comedy,Grudge Match,12/25,91,PG-13,"December 25, 2013",1 hrs. 53 min.,WB,"$29,807,260",2013,"2,838","2,856"
"$18,478,300","$33,720,700",$10 million,10/6,TriStar,Concert,One Direction: This is Us,8/30,92,PG,"August 30, 2013",1 hrs. 32 min.,TriS,"$28,873,374",2013,"2,735","2,735"
"$8,715,700","$33,699,800",$26 million,3/20,Buena Vista,Comedy,Delivery Man,11/22,93,PG-13,"November 22, 2013",1 hrs. 45 min.,BV,"$30,664,106",2013,"3,036","3,036"
"$15,577,800","$33,644,300",$28 million,9/26,Universal,Action Comedy,Kick-Ass 2,8/16,94,R,"August 16, 2013",1 hrs. 43 min.,Uni.,"$28,795,985",2013,"2,940","2,945"
"$286,200","$30,574,800",$5 million,5/1,Focus Features,Drama,Dallas Buyers Club,11/1,95,R,"November 1, 2013",1 hrs. 57 min.,Focus,"$27,298,285",2013,9,"1,110"
"$10,295,400","$30,347,400",$20 million,12/5,Focus Features,Comedy,The World's End,8/23,96,R,"August 23, 2013",1 hrs. 49 min.,Focus,"$26,004,851",2013,"1,551","1,553"
"$218,800","$29,580,300",$38 million,11/21,Universal,Action Drama,Rush (2013),9/20,97,R,"September 20, 2013",2 hrs. 3 min.,Uni.,"$26,947,624",2013,5,"2,308"
"$10,099,300","$29,566,000",$13 million,5/16,Relativity,Comedy,21 and Over,3/1,98,R,"March 1, 2013",1 hrs. 33 min.,Rela.,"$25,682,380",2013,"2,771","2,771"
"$285,600","$29,366,800",$23 million,4/17,Warner Bros.,Comedy / Drama,Her (2013),12/18,99,R,"December 18, 2013",2 hrs. 0 min.,WB,"$25,568,251",2013,6,"1,729"
"$12,228,800","$29,105,600",$40 million,5/30,Open Road Films,Sci-Fi Thriller,The Host (2013),3/29,100,PG-13,"March 29, 2013",2 hrs. 5 min.,ORF,"$26,627,201",2013,"3,202","3,202"
"$10,240,900","$26,051,600",,1/16,Lionsgate/Summit,Action Thriller,Escape Plan,10/18,101,R,"October 18, 2013",1 hrs. 56 min.,LG/S,"$25,135,965",2013,"2,883","2,883"
"$9,573,500","$25,357,800",$3 million,1/9,Relativity,Comedy,Don Jon,9/27,102,R,"September 27, 2013",1 hrs. 30 min.,Rela.,"$24,477,704",2013,"2,422","2,422"
"$11,087,300","$24,367,300",$30 million,5/9,Warner Bros. (New Line),Comedy,The Incredible Burt Wonderstone,3/15,103,PG-13,"March 15, 2013",1 hrs. 40 min.,WB (NL),"$22,537,881",2013,"3,160","3,160"
"$609,900","$23,710,200",,11/21,Fox Searchlight,Comedy,"The Way, Way Back",7/5,104,PG-13,"July 5, 2013",1 hrs. 43 min.,FoxS,"$21,506,546",2013,19,"1,001"
"$7,836,300","$22,533,000",$35 million,7/4,Lionsgate,Romantic Comedy,The Big Wedding,4/26,105,R,"April 26, 2013",1 hrs. 29 min.,LGF,"$21,819,348",2013,"2,633","2,633"
"$108,800","$22,472,500",,4/10,Fox,Drama,The Book Thief,11/8,106,PG-13,"November 8, 2013",2 hrs. 11 min.,Fox,"$21,488,481",2013,4,"1,316"
"$2,287,300","$22,372,800",,9/12,Roadside Attractions,Drama,Mud,4/26,107,PG-13,"April 26, 2013",2 hrs. 10 min.,RAtt.,"$21,590,086",2013,363,960
"$9,964,200","$22,344,500",,12/19,Fox Searchlight,Romantic Comedy,Baggage Claim,9/27,108,PG-13,"September 27, 2013",1 hrs. 36 min.,FoxS,"$21,569,509",2013,"2,027","2,230"
"$304,400","$22,093,100",$15 million,6/27,Focus Features,Drama,The Place Beyond the Pines,3/29,109,R,"March 29, 2013",2 hrs. 20 min.,Focus,"$21,403,519",2013,4,"1,584"
"$9,008,300","$21,461,900",$35 million,4/4,Fox,Crime Thriller,Broken City,1/18,110,R,"January 18, 2013",1 hrs. 49 min.,Fox,"$19,701,164",2013,"2,620","2,622"
"$8,260,600","$21,186,200",$60 million,4/11,Warner Bros.,Drama,Beautiful Creatures (2013),2/14,111,PG-13,"February 14, 2013",2 hrs. 12 min.,WB,"$19,452,138",2013,"2,950","2,950"
"$7,163,700","$20,889,500",$22 million,1/2,Open Road Films,Action Thriller,Homefront,11/27,112,R,"November 27, 2013",1 hrs. 50 min.,ORF,"$20,158,898",2013,"2,570","2,570"
"$7,745,500","$20,397,000",,10/17,Lionsgate,Horror,You're Next,8/23,113,R,"August 23, 2013",1 hrs. 36 min.,LGF,"$18,494,006",2013,"2,437","2,437"
"$7,983,600","$20,010,700",$30 million,12/8,Fox,Thriller,Runner Runner,10/4,114,R,"October 4, 2013",1 hrs. 31 min.,Fox,"$19,316,646",2013,"3,026","3,026"
"$51,300","$19,910,300",,6/27,Weinstein Company,Comedy,Quartet,1/11,115,PG-13,"January 11, 2013",1 hrs. 38 min.,Wein.,"$18,390,117",2013,2,725
"$7,634,900","$19,190,800",$35 million,4/4,FilmDistrict,Action / Crime,Parker,1/25,116,R,"January 25, 2013",1 hrs. 58 min.,FD,"$17,616,641",2013,"2,224","2,238"
"$6,705,400","$19,074,200",$13 million,6/6,Focus Features,Comedy / Drama,Admission,3/22,117,PG-13,"March 22, 2013",1 hrs. 57 min.,Focus,"$18,007,317",2013,"2,160","2,161"
"$8,921,400","$18,956,500",$3.5 million,5/23,Weinstein / Dimension,Thriller,Dark Skies,2/22,118,PG-13,"February 22, 2013",1 hrs. 37 min.,W/Dim.,"$17,418,667",2013,"2,313","2,313"
"$145,400","$18,932,900",$12 million,3/20,Paramount,Comedy / Drama,Nebraska,11/15,119,R,"November 15, 2013",1 hrs. 50 min.,Par.,"$17,654,912",2013,4,968
"$256,900","$18,212,300",,1/16,Fox Searchlight,Comedy,Enough Said,9/18,120,PG-13,"September 18, 2013",1 hrs. 33 min.,FoxS,"$17,550,872",2013,4,835
"$7,407,600","$17,795,300",$12 million,10/3,Open Road Films,Drama,Jobs,8/16,121,PG-13,"August 16, 2013",2 hrs. 2 min.,ORF,"$16,131,410",2013,"2,381","2,381"
"$426,200","$17,757,200",,10/31,Weinstein Company,Drama,Fruitvale Station,7/12,122,R,"July 12, 2013",1 hrs. 30 min.,Wein.,"$16,101,339",2013,7,"1,086"
"$8,124,700","$17,585,100",$25 million,1/16,Fox,Thriller,The Counselor,10/25,123,R,"October 25, 2013",1 hrs. 57 min.,Fox,"$16,973,715",2013,"3,044","3,044"
"$8,419,400","$16,531,700",$5 million,4/4,CBS Films,Horror,The Last Exorcism Part II,3/1,124,PG-13,"March 1, 2013",1 hrs. 28 min.,CBS,"$15,179,302",2013,"2,700","2,700"
"$1,114,900","$15,873,400",,12/26,Universal,Comedy,About Time,11/1,125,R,"November 1, 2013",2 hrs. 3 min.,Uni.,"$15,322,921",2013,175,"1,280"
"$286,500","$14,997,000",$5 million,6/11,A24,Crime Drama,Spring Breakers,3/15,126,R,"March 15, 2013",1 hrs. 34 min.,A24,"$14,124,284",2013,3,"1,379"
"$420,000","$14,211,500",,3/13,CBS Films,Comedy / Drama,Inside Llewyn Davis,12/6,127,R,"December 6, 2013",1 hrs. 45 min.,CBS,"$13,235,319",2013,4,729
"$6,843,100","$13,127,900",$45 million,2/28,Lionsgate,Action,The Last Stand,1/18,128,R,"January 18, 2013",1 hrs. 47 min.,LGF,"$12,050,299",2013,"2,913","2,913"
"$5,823,200","$11,860,500",,4/18,FilmDistrict,Thriller,Dead Man Down,3/8,129,R,"March 8, 2013",1 hrs. 50 min.,FD,"$10,895,295",2013,"2,188","2,188"
"$5,407,800","$11,750,600",$22 million,2/6,Relativity,Thriller,Out of the Furnace,12/4,130,R,"December 4, 2013",1 hrs. 46 min.,Rela.,"$11,330,849",2013,"2,101","2,101"
"$4,969,200","$11,584,800",$18 million,10/3,Warner Bros.,Thriller,Getaway (2013),8/30,131,PG-13,"August 30, 2013",1 hrs. 34 min.,WB,"$10,501,938",2013,"2,130","2,135"
"$4,954,900","$10,338,400",,3/14,Warner Bros.,Action Thriller,Bullet to the Head,2/1,132,R,"February 1, 2013",1 hrs. 31 min.,WB,"$9,489,829",2013,"2,404","2,404"
"$5,235,600","$9,631,000",$6 million,3/14,Relativity,Comedy,Movie 43,1/25,133,R,"January 25, 2013",1 hrs. 37 min.,Rela.,"$8,840,453",2013,"2,023","2,023"
"$5,078,800","$9,576,200",$20 million,10/20,Sony / Screen Gems,Drama,Battle of the Year,9/20,134,PG-13,"September 20, 2013",1 hrs. 49 min.,SGem,"$8,888,355",2013,"2,008","2,008"
"$4,760,100","$9,472,700",$15 million,6/13,Lionsgate,Comedy,Tyler Perry Presents Peeples,5/10,135,PG-13,"May 10, 2013",1 hrs. 35 min.,LGF,"$9,177,065",2013,"2,041","2,041"
"$87,300","$8,927,300",,3/27,Weinstein Company,Drama,Mandela: Long Walk to Freedom,11/29,136,PG-13,"November 29, 2013",2 hrs. 19 min.,Wein.,"$8,323,085",2013,4,"1,010"
"$254,900","$8,591,000",,11/7,Sony Classics,Drama,Before Midnight,5/24,137,R,"May 24, 2013",1 hrs. 48 min.,SPC,"$8,114,627",2013,5,897
"$3,546,500","$8,435,900",,1/12,Yash Raj,Foreign / Action,Dhoom 3,12/20,138,Unrated,"December 20, 2013",2 hrs. 52 min.,Yash,"$8,031,955",2013,239,239
"$3,975,000","$8,295,900",,11/14,Open Road Films,Action,Machete Kills,10/11,139,R,"October 11, 2013",1 hrs. 47 min.,ORF,"$8,008,161",2013,"2,538","2,538"
,"$8,268,500",,-,National Geographic Entertainment,Documentary,Jerusalem,9/13,140,Unrated,"September 13, 2013",0 hrs. 45 min.,NGE,"$8,020,721",2013,,33
"$3,892,900","$8,146,100",$35 million,10/3,Relativity,Thriller,Paranoia,8/16,141,PG-13,"August 16, 2013",1 hrs. 55 min.,Rela.,"$7,385,015",2013,"2,459","2,459"
"$8,400","$7,818,100",,-,IMAX,Documentary,Journey to the South Pacific,11/27,142,G,"November 27, 2013",0 hrs. 40 min.,Imax,"$7,626,105",2013,1,19
"$217,800","$7,541,700",,12/12,A24,Comedy / Drama,The Spectacular Now,8/2,143,R,"August 2, 2013",1 hrs. 35 min.,A24,"$6,854,611",2013,4,770
"$3,801,400","$7,271,800",$17.5 million,1/16,Fox Searchlight,Musical,Black Nativity,11/27,144,PG,"November 27, 2013",1 hrs. 32 min.,FoxS,"$7,018,189",2013,"1,516","1,525"
"$146,300","$7,263,200",,10/24,Weinstein Company,Foreign / Action,The Grandmaster,8/23,145,PG-13,"August 23, 2013",2 hrs. 10 min.,Wein.,"$6,594,959",2013,7,804
"$2,079,700","$6,629,700",$5 million,1/16,Open Road Films,Documentary,Believe,12/25,146,PG,"December 25, 2013",1 hrs. 31 min.,ORF,"$6,206,566",2013,"1,037","1,037"
"$96,900","$6,508,000",,2/27,Roadside Attractions,Drama,All Is Lost,10/18,147,PG-13,"October 18, 2013",1 hrs. 40 min.,RAtt.,"$6,263,670",2013,6,483
"$2,719,600","$6,344,500",,9/26,Focus Features,Thriller,Closed Circuit,8/28,148,R,"August 28, 2013",1 hrs. 36 min.,Focus,"$5,750,401",2013,870,870
"$221,300","$6,199,900",,9/12,A24,Crime,The Bling Ring,6/14,149,R,"June 14, 2013",1 hrs. 30 min.,A24,"$5,845,732",2013,5,650
"$3,413,700","$6,140,400",,10/17,Warner Bros.,Fantasy,The Wizard of Oz (3D/IMAX),9/20,150,G,"September 20, 2013",1 hrs. 41 min.,WB,"$5,633,202Domestic Lifetime Gross: $22,342,633",2013,318,318
"$2,555,800","$6,052,900",,11/21,Lionsgate,Romantic Comedy,Pulling Strings,10/4,151,PG,"October 4, 2013",1 hrs. 52 min.,LGF,"$5,842,961",2013,387,438
"$2,449,900","$5,855,700",,10/3,UTV Communications,Action Comedy,Chennai Express,8/8,152,Unrated,"August 8, 2013",2 hrs. 21 min.,UTV,"$5,307,960",2013,196,196
"$56,400","$5,429,600",,6/19,Radius-TWC,Documentary,20 Feet from Stardom,6/14,153,PG-13,"June 14, 2013",1 hrs. 30 min.,RTWC,"$4,946,445",2013,3,147
"$136,000","$5,303,600",,8/1,Sony Classics,Thriller,The Company You Keep,4/5,154,R,"April 5, 2013",2 hrs. 5 min.,SPC,"$5,133,027",2013,5,807
"$177,500","$4,660,100",,10/10,Roadside Attractions,Comedy / Drama,Much Ado About Nothing (2013),6/7,155,PG-13,"June 7, 2013",1 hrs. 47 min.,RAtt.,"$4,328,849",2013,5,222
"$141,800","$4,254,100",,9/12,IFC,Comedy / Drama,Frances Ha,5/17,156,R,"May 17, 2013",1 hrs. 26 min.,IFC,"$4,069,826",2013,4,233
"$1,619,200","$3,960,500",,7/21,Eros,Foreign,Yeh Jawaani Hai Deewani,5/31,157,Unrated,"May 31, 2013",2 hrs. 5 min.,Eros,"$3,827,466",2013,161,161
"$1,742,600","$3,852,400",$1.5 million,8/15,CBS Films,Comedy,The To-Do List,7/26,158,R,"July 26, 2013",1 hrs. 40 min.,CBS,"$3,491,669",2013,591,591
"$1,104,800","$3,610,900",,6/13,Roadside Attractions,War Drama,Emperor,3/8,159,PG-13,"March 8, 2013",1 hrs. 38 min.,RAtt.,"$3,346,265",2013,260,311
"$1,619,300","$3,606,000",,3/7,Lionsgate,Action Comedy,Stand Up Guys,2/1,160,R,"February 1, 2013",1 hrs. 33 min.,LGF,"$3,310,031",2013,659,670
"$1,739,400","$3,542,800",$18 million,10/27,Picturehouse (II),Drama,Metallica Through the Never,9/27,161,R,"September 27, 2013",1 hrs. 33 min.,PH,"$3,419,967",2013,305,589
"$1,733,500","$3,372,000",$28 million,12/5,Buena Vista,Drama,The Fifth Estate,10/18,162,R,"October 18, 2013",2 hrs. 4 min.,BV,"$3,255,008",2013,"1,769","1,769"
"$2,141,500","$3,288,800",,2/21,Paramount,Action Drama,Top Gun 3D,2/8,163,PG,"February 8, 2013",1 hrs. 50 min.,Par.,"$3,018,873Domestic Lifetime Gross: $179,800,601",2013,300,300
"$77,800","$3,237,800",,12/5,Roadside Attractions,Comedy,In a World,8/9,164,R,"August 9, 2013",,RAtt.,"$2,963,902",2013,3,144
"$24,300","$3,058,800",,4/20,Janus Films,Foreign,The Great Beauty,11/15,165,Unrated,"November 15, 2013",2 hrs. 22 min.,Jan.,"$2,852,400",2013,1,77
"$1,633,500","$2,953,200",,6/13,Samuel Goldwyn,Sports Drama,Home Run,4/19,166,PG-13,"April 19, 2013",1 hrs. 53 min.,Gold.,"$2,861,020",2013,381,381
"$1,526,000","$2,942,200",$2 million,5/30,Lionsgate,Drama,Filly Brown,4/19,167,R,"April 19, 2013",1 hrs. 41 min.,LGF,"$2,850,357",2013,188,259
"$1,501,200","$2,837,300",,12/12,Eros,Foreign,Ram-Leela,11/15,168,Unrated,"November 15, 2013",,Eros,"$2,738,863",2013,204,204
"$1,034,000","$2,597,300",,12/5,Roadside Attractions,Music Drama,Grace Unplugged,10/4,169,PG,"October 4, 2013",1 hrs. 42 min.,RAtt.,"$2,507,201",2013,511,511
"$67,100","$2,589,000",,6/20,Sony Classics,Documentary,The Gatekeepers,2/1,170,PG-13,"February 1, 2013",,SPC,"$2,415,727",2013,3,131
"$41,800","$2,538,100",,7/25,Weinstein Company,Comedy / Drama,The Sapphires,3/22,171,PG-13,"March 22, 2013",1 hrs. 38 min.,Wein.,"$2,450,867",2013,4,126
"$78,200","$2,480,900",,6/20,Sony Classics,Foreign,No (2013),2/15,172,R,"February 15, 2013",1 hrs. 58 min.,SPC,"$2,343,664",2013,4,99
"$1,006,700","$2,473,500",,11/26,High Top Releasing,Drama,I'm In Love With a Church Girl,10/18,173,PG,"October 18, 2013",1 hrs. 58 min.,HTR,"$2,387,730",2013,457,458
"$79,500","$2,441,200",,8/8,Fox Searchlight,Drama,The East,5/31,174,PG-13,"May 31, 2013",1 hrs. 56 min.,FoxS,"$2,301,839",2013,4,195
"$135,400","$2,403,800",$20 million,6/6,Fox Searchlight,Crime Thriller,Trance,4/5,175,R,"April 5, 2013",1 hrs. 41 min.,FoxS,"$2,328,743",2013,4,443
"$71,000","$2,379,600",,9/26,Samuel Goldwyn,Foreign,Renoir,3/29,176,R,"March 29, 2013",1 hrs. 51 min.,Gold.,"$2,293,798",2013,6,86
"$44,900","$2,347,200",,1/2,Sony Classics,Romantic Comedy,Austenland,8/16,177,PG-13,"August 16, 2013",1 hrs. 37 min.,SPC,"$2,159,041",2013,4,274
"$71,100","$2,340,900",,1/2,EchoLight Studios,Drama,The Christmas Candle,11/15,178,PG,"November 15, 2013",1 hrs. 40 min.,ELS,"$2,258,620",2013,5,392
"$404,800","$2,333,900",,3/21,Shorts International,Unknown,2013 Oscar Nominated Short Films,2/1,179,Unrated,"February 1, 2013",,Shrts.,"$2,142,342",2013,105,266
"$103,900","$2,289,600",,3/13,IFC,Foreign,Blue Is the Warmest Color,10/25,180,NC-17,"October 25, 2013",2 hrs. 59 min.,IFC,"$2,199,787",2013,4,142
"$83,800","$2,284,900",,10/24,Magnolia,Documentary,Blackfish,7/19,181,PG-13,"July 19, 2013",1 hrs. 23 min.,Magn.,"$2,073,582",2013,5,99
"$917,200","$2,273,000",$30 million,1/2,FilmDistrict,Thriller,Oldboy (2013),11/27,182,R,"November 27, 2013",2 hrs. 0 min.,FD,"$2,193,658",2013,583,583
"$1,087,300","$2,270,300",,12/5,Eros,Foreign / Action,Krrish 3,11/1,183,Unrated,"November 1, 2013",2 hrs. 30 min.,Eros,"$2,191,534",2013,208,208
"$142,200","$2,256,600",,3/9,Purdie Distribution,Thriller,The Saratov Approach,10/9,184,PG-13,"October 9, 2013",1 hrs. 41 min.,Purd.,"$2,146,999",2013,23,84
"$90,800","$2,035,700",,8/1,Millennium Ent.,Thriller,The Iceman (2013),5/3,185,R,"May 3, 2013",1 hrs. 45 min.,MNE,"$1,969,193",2013,4,258
"$61,100","$1,906,800",,10/3,Sony Classics,Foreign,Fill the Void,5/24,186,PG,"May 24, 2013",1 hrs. 30 min.,SPC,"$1,775,316",2013,3,64
"$28,300","$1,894,200",,10/3,Cohen Media Group,Foreign,The Attack,6/21,187,R,"June 21, 2013",1 hrs. 42 min.,Cohen,"$1,720,325",2013,3,55
"$26,600","$1,874,800",,10/3,Weinstein Company,Comedy / Drama,Unfinished Song,6/21,188,PG-13,"June 21, 2013",1 hrs. 33 min.,Wein.,"$1,702,668",2013,2,91
"$174,900","$1,843,800",$12 million,5/9,Fox Searchlight,Horror Thriller,Stoker,3/1,189,R,"March 1, 2013",,FoxS,"$1,714,221",2013,7,275
"$88,900","$1,830,700",,3/20,Gathr Films,Documentary,Girl Rising,3/7,190,PG-13,"March 7, 2013",1 hrs. 41 min.,Gathr,"$1,727,259",2013,34,170
"$714,000","$1,805,800",,8/22,Reliance Big Pictures,Foreign,Bhaag Milkha Bhaag,7/12,191,Unrated,"July 12, 2013",2 hrs. 20 min.,Relbig.,"$1,636,731",2013,140,140
"$963,900","$1,721,200",,2/28,UTV Communications,Foreign / Action,Race 2,1/25,192,Unrated,"January 25, 2013",2 hrs. 30 min.,UTV,"$1,579,940",2013,153,153
"$37,900","$1,706,300",,10/3,Sony Classics,Romantic Comedy,Love is All You Need,5/3,193,R,"May 3, 2013",1 hrs. 56 min.,SPC,"$1,631,709",2013,4,101
"$512,100","$1,686,900",,4/11,Arenas Entertainment,Drama,Bless Me Ultima,2/22,194,PG-13,"February 22, 2013",1 hrs. 46 min.,Aren,"$1,553,826",2013,263,263
"$27,900","$1,668,800",,10/10,Roadside Attractions,Documentary,Stories We Tell,5/10,195,PG-13,"May 10, 2013",1 hrs. 48 min.,RAtt.,"$1,600,145",2013,2,70
"$22,900","$1,579,300",,8/8,Weinstein Company,Foreign,Kon-Tiki,4/26,196,PG-13,"April 26, 2013",1 hrs. 41 min.,Wein.,"$1,517,410",2013,2,75
"$766,200","$1,521,000",,9/12,Roadside Attractions,Comedy,Girl Most Likely,7/19,197,PG-13,"July 19, 2013",1 hrs. 43 min.,RAtt.,"$1,378,591",2013,351,351
"$100,500","$1,508,700",,11/7,Sony Classics,Foreign,I'm So Excited,6/28,198,R,"June 28, 2013",1 hrs. 42 min.,SPC,"$1,368,119",2013,5,99
"$128,000","$1,483,200",,5/23,LD Entertainment,Drama,Disconnect,4/12,199,R,"April 12, 2013",1 hrs. 55 min.,LD,"$1,436,900",2013,15,180
"$728,100","$1,462,000",,10/10,High Top Releasing,Drama,The Ultimate Life,9/6,200,PG,"September 6, 2013",1 hrs. 45 min.,HTR,"$1,327,149",2013,412,412
"$30,300","$1,443,500",,4/17,Sony Classics,Foreign,The Past,12/20,201,PG-13,"December 20, 2013",2 hrs. 10 min.,SPC,"$1,331,747",2013,3,77
"$45,500","$1,408,700",,1/30,Sony Classics,Foreign,Wadjda (U.S. only),9/13,202,PG,"September 13, 2013",1 hrs. 38 min.,SPC,"$1,347,747",2013,3,87
"$60,900","$1,391,700",,7/25,CBS Films,Comedy,The Kings of Summer,5/31,203,R,"May 31, 2013",1 hrs. 33 min.,CBS,"$1,315,590",2013,4,65
"$33,100","$1,338,500",,5/15,Sony Classics,Drama,The Invisible Woman,12/25,204,R,"December 25, 2013",1 hrs. 51 min.,SPC,"$1,234,254",2013,3,153
"$155,400","$1,249,300",,2/27,Radius-TWC,Documentary,Inequality for All,9/27,205,PG,"September 27, 2013",1 hrs. 25 min.,RTWC,"$1,205,273",2013,28,103
"$20,600","$1,247,300",,10/17,Samuel Goldwyn,Drama,Still Mine,5/3,206,PG-13,"May 3, 2013",1 hrs. 42 min.,Gold.,"$1,159,336",2013,4,41
"$569,500","$1,222,200",,4/28,UTV Communications,Foreign,Kai Po Che,2/22,207,Unrated,"February 22, 2013",2 hrs. 0 min.,UTV,"$1,122,527",2013,110,110
"$538,800","$1,204,400",,12/5,Relativity,Romance,Romeo and Juliet (2013),10/11,208,PG-13,"October 11, 2013",1 hrs. 42 min.,Rela.,"$1,162,635",2013,461,461
"$663,700","$1,203,400",$1.5 million,5/26,Anchor Bay Films,Horror,The Lords of Salem,4/19,209,R,"April 19, 2013",1 hrs. 40 min.,Anch.,"$1,165,882",2013,354,354
"$592,000","$1,153,900",,10/31,Roadside Attractions,Comedy / Drama,Thanks for Sharing,9/20,210,R,"September 20, 2013",1 hrs. 50 min.,RAtt.,"$1,065,881",2013,269,269
"$553,400","$1,127,100",,3/17,RCR Distribution,Thriller,Phantom (2013),3/1,211,R,"March 1, 2013",1 hrs. 37 min.,RCR,"$1,034,589",2013,"1,118","1,118"
"$22,200","$1,107,100",,8/1,Millennium Ent.,Drama,What Maisie Knew,5/3,212,R,"May 3, 2013",1 hrs. 39 min.,MNE,"$1,066,471",2013,1,122
"$62,000","$1,100,500",,2/20,Cinedigm Entertainment,Drama,Short Term 12,8/23,213,R,"August 23, 2013",1 hrs. 36 min.,Cdgm.,"$1,013,100",2013,4,75
"$55,400","$1,072,300",,2/27,Sony Classics,Drama,Kill Your Darlings,10/16,214,R,"October 16, 2013",1 hrs. 44 min.,SPC,"$1,030,064",2013,4,78
"$46,700","$1,057,600",,6/6,A24,Drama,Ginger & Rosa,3/15,215,PG-13,"March 15, 2013",1 hrs. 30 min.,A24,"$1,012,973",2013,3,99
"$62,700","$1,044,800",,6/20,GKIDS,Animation,From Up on Poppy Hill,3/15,216,PG,"March 15, 2013",1 hrs. 31 min.,GK,"$1,002,895",2013,2,49
"$34,300","$1,032,000",,7/4,Music Box Films,Foreign,Lore,2/8,217,Unrated,"February 8, 2013",1 hrs. 49 min.,MBox,"$970,325",2013,6,54
"$427,600","$956,600",,7/18,Eros,Foreign,Raanjhana,6/21,218,Unrated,"June 21, 2013",2 hrs. 20 min.,Eros,"$903,232",2013,102,102
"$138,800","$922,200",$7 million,7/3,Seatzy/IMA,Adventure,Alone Yet Not Alone,9/27,219,PG-13,"September 27, 2013",1 hrs. 43 min.,S/IMA,"$887,851",2013,11,103
"$270,300","$897,400",,12/15,The Vladar Company,Documentary,Generation Iron,9/20,220,PG-13,"September 20, 2013",1 hrs. 46 min.,TVC,"$849,521",2013,53,84
"$346,400","$859,700",,9/5,Radius-TWC,Drama,Only God Forgives,7/19,221,R,"July 19, 2013",1 hrs. 29 min.,RTWC,"$779,188",2013,78,81
"$454,700","$814,800",,9/29,UTV Communications,Foreign,Satyagraha,8/30,222,Unrated,"August 30, 2013",2 hrs. 32 min.,UTV,"$738,525",2013,83,83
"$32,300","$774,400",,11/7,Zeitgeist,Foreign,Hannah Arendt,5/29,223,Unrated,"May 29, 2013",1 hrs. 52 min.,Zeit.,"$717,205",2013,1,21
"$24,100","$760,500",,7/18,First Run,Documentary,56 Up,1/4,224,Unrated,"January 4, 2013",2 hrs. 24 min.,FRun,"$701,278",2013,1,33
,"$724,700",,-,CJ Entertainment,Foreign / Action,The Berlin File,2/15,225,Unrated,"February 15, 2013",2 hrs. 0 min.,CJ,"$665,210",2013,,
"$15,300","$722,900",,3/13,Magnolia,Documentary,Muscle Shoals,9/27,226,PG,"September 27, 2013",1 hrs. 51 min.,Magn.,"$696,241",2013,1,56
"$378,100","$704,300",,10/17,Reliance Big Pictures,Foreign,Besharam,10/2,227,Unrated,"October 2, 2013",2 hrs. 25 min.,Relbig.,"$679,866",2013,217,217
"$321,400","$677,100",,11/7,Exclusive Media,Drama,Parkland,10/4,228,PG-13,"October 4, 2013",1 hrs. 33 min.,EXCL,"$653,651",2013,257,257
"$47,500","$676,100",,10/3,Magnolia,Foreign,The Hunt,7/12,229,R,"July 12, 2013",1 hrs. 51 min.,Magn.,"$613,308",2013,4,47
,"$644,400",,-,Future Educational Films,Documentary,Walking the Camino: Six Ways to Santiago,9/6,230,Unrated,"September 6, 2013",1 hrs. 24 min.,FEF,"$612,717",2013,,11
"$347,500","$641,900",,7/18,Eros,Foreign,Lootera,7/3,231,Unrated,"July 3, 2013",2 hrs. 16 min.,Eros,"$581,813",2013,100,100
"$95,900","$634,300",,10/17,Weinstein Company,Documentary,Salinger,9/6,232,PG-13,"September 6, 2013",2 hrs. 0 min.,Wein.,"$583,633",2013,4,138
"$30,300","$614,400",,3/6,Cinema Guild,Foreign,Museum Hours,6/28,233,Unrated,"June 28, 2013",1 hrs. 47 min.,CGld,"$561,457",2013,2,19
"$120,300","$606,900",,7/11,Magnolia,Romance,To The Wonder,4/12,234,R,"April 12, 2013",1 hrs. 53 min.,Magn.,"$587,615",2013,17,60
"$156,400","$587,900",,5/16,Methinx Entertainment,Family Adventure,The Lost Medallion,3/1,235,PG,"March 1, 2013",1 hrs. 37 min.,MTE,"$549,632",2013,68,68
"$31,900","$570,800",,6/13,IFC,Thriller,The Reluctant Fundamentalist,4/26,236,R,"April 26, 2013",2 hrs. 8 min.,IFC,"$552,959",2013,3,58
"$40,900","$538,200",,7/25,Entertainment One,Documentary,Scatter My Ashes at Bergdorf's,5/3,237,PG-13,"May 3, 2013",1 hrs. 33 min.,EOne,"$518,342",2013,4,38
"$30,300","$535,300",,3/20,Drafthouse,Documentary,Act of Killing,7/19,238,Unrated,"July 19, 2013",1 hrs. 55 min.,Drft.,"$486,919",2013,1,29
"$165,500","$534,400",,10/24,Pan Media & Entertainment,Foreign,The Face Reader,10/4,239,Unrated,"October 4, 2013",2 hrs. 22 min.,PM&E,"$515,876",2013,19,19
"$263,400","$512,400",,10/31,Lionsgate,Drama,The Inevitable Defeat of Mister and Pete,10/11,240,R,"October 11, 2013",1 hrs. 48 min.,LGF,"$494,608",2013,147,147
,"$511,500",,-,Warner Bros.,Animation,The Polar Express (2013 re-issue),11/9,241,G,"November 9, 2013",1 hrs. 40 min.,WB,"$493,776Domestic Lifetime Gross: $186,493,472",2013,,
"$141,600","$484,700",,4/18,Well Go USA,Foreign,New World (2013),3/22,242,Unrated,"March 22, 2013",2 hrs. 14 min.,WGUSA,"$457,806",2013,24,24
"$29,600","$458,400",,6/27,erbp Film,Drama,Upstream Color,4/5,243,Unrated,"April 5, 2013",1 hrs. 36 min.,erbp,"$444,098",2013,1,43
"$68,500","$458,300",,1/2,Variance Films,Documentary,Sound City,2/1,244,Unrated,"February 1, 2013",1 hrs. 48 min.,Vari.,"$422,853",2013,16,50
"$246,300","$454,800",,10/10,Eros,Foreign,Grand Masti,9/13,245,Unrated,"September 13, 2013",2 hrs. 17 min.,Eros,"$413,903",2013,64,64
"$40,700","$452,800",,10/3,Magnolia,Foreign,A Hijacking,6/21,246,R,"June 21, 2013",1 hrs. 39 min.,Magn.,"$414,437",2013,7,32
"$287,100","$446,600",,10/10,Eros,Foreign,Phata Poster Nikla Hero,9/20,247,Unrated,"September 20, 2013",2 hrs. 26 min.,Eros,"$410,526",2013,94,94
"$29,100","$436,500",,10/3,IFC,Western,Ain't Them Bodies Saints,8/16,248,R,"August 16, 2013",1 hrs. 30 min.,IFC,"$396,519",2013,3,44
"$65,600","$407,800",,8/8,IFC,Documentary,Dirty Wars,6/7,249,Unrated,"June 7, 2013",1 hrs. 30 min.,IFC,"$384,473",2013,4,31
"$32,500","$402,300",,6/13,Cohen Media Group,Foreign,In the House,4/19,250,R,"April 19, 2013",1 hrs. 45 min.,Cohen,"$389,757",2013,3,36
"$30,000","$400,100",,2/20,Sony Classics,Documentary,The Armstrong Lie,11/8,251,R,"November 8, 2013",2 hrs. 2 min.,SPC,"$383,294",2013,5,77
"$18,800","$399,900",,4/24,International Film Circuit,Documentary,When Comedy Went to School,7/31,252,Unrated,"July 31, 2013",1 hrs. 17 min.,ICir,"$369,065",2013,5,13
"$116,300","$398,200",,1/30,China Lion,Foreign,Personal Tailor,12/20,253,Unrated,"December 20, 2013",1 hrs. 58 min.,CL,"$375,892",2013,9,9
"$9,000","$395,300",,11/7,International Film Circuit,Documentary,Hava Nagila (The Movie),3/1,254,Unrated,"March 1, 2013",1 hrs. 13 min.,ICir,"$370,218",2013,1,24
"$16,600","$394,500",,8/1,Sony Classics,Adventure,At Any Price,4/24,255,R,"April 24, 2013",1 hrs. 45 min.,SPC,"$380,594",2013,4,81
"$203,600","$393,400",,9/5,Radius-TWC,Drama,Lovelace,8/9,256,R,"August 9, 2013",1 hrs. 32 min.,RTWC,"$356,582",2013,118,118
"$196,300","$389,600",,1/9,Eleven Arts,Animation,Puella Magi Madoka Magica the Movie: Rebellion,12/3,257,Unrated,"December 3, 2013",1 hrs. 56 min.,Elev.,"$375,627",2013,37,76
"$219,200","$381,500",,5/30,Eros,Foreign / Action,Shootout at Wadala,5/3,258,Unrated,"May 3, 2013",2 hrs. 35 min.,Eros,"$369,573",2013,89,89
,"$378,200",,10/7,Warner Bros.,Horror,The Shining (2013 re-release),10/7,259,R,"October 7, 2013",,WB,"$342,749Domestic Lifetime Gross: $44,360,123",2013,,
"$21,500","$376,600",,11/21,Magnolia,Comedy / Drama,Drinking Buddies,8/23,260,R,"August 23, 2013",1 hrs. 30 min.,Magn.,"$343,341",2013,2,33
"$38,300","$371,100",,5/23,Zeitgeist,Documentary,Koch,2/1,261,Unrated,"February 1, 2013",1 hrs. 35 min.,Zeit.,"$342,941",2013,2,16
"$11,400","$366,300",,6/13,Music Box Films,Documentary,Happy People: A Year in the Taiga,1/25,262,Unrated,"January 25, 2013",1 hrs. 30 min.,MBox,"$338,987",2013,1,23
"$19,400","$357,800",,6/6,IFC,Comedy / Drama,The Angels' Share,4/12,263,Unrated,"April 12, 2013",1 hrs. 41 min.,IFC,"$346,669",2013,3,38
"$206,600","$354,500",,12/12,Reliance Big Pictures,Foreign,Gori Tere Pyaar Mein,11/22,264,Unrated,"November 22, 2013",,Relbig.,"$342,184",2013,112,112
"$16,900","$352,300",,5/23,eOne Entertainment,Comedy,Starbuck (U.S. only),3/22,265,R,"March 22, 2013",1 hrs. 43 min.,E1,"$340,058",2013,3,32
"$132,200","$351,600",,10/3,Exclusive Media,Drama,Adore,9/6,266,R,"September 6, 2013",1 hrs. 40 min.,EXCL,"$318,982",2013,57,57
"$70,200","$347,400",,11/28,Entertainment One,Drama,Diana,11/1,267,PG-13,"November 1, 2013",1 hrs. 53 min.,EOne,"$335,359",2013,38,100
"$8,500","$341,200",,6/23,Freestyle Releasing,Drama,Camp (2013),2/22,268,PG-13,"February 22, 2013",1 hrs. 51 min.,Free,"$324,977",2013,1,32
"$99,500","$329,800",,7/25,Freestyle Releasing,Drama,Not Today,4/12,269,PG-13,"April 12, 2013",1 hrs. 58 min.,Free,"$318,121",2013,41,41
"$103,000","$313,700",,1/23,Ketchup Entertainment,Documentary,Linsanity,10/4,270,PG,"October 4, 2013",1 hrs. 29 min.,KE,"$302,645",2013,9,16
"$175,500","$308,100",,5/30,Eros,Foreign,Go Goa Gone,5/10,271,Unrated,"May 10, 2013",1 hrs. 51 min.,Eros,"$298,457",2013,92,92
"$16,900","$307,200",,10/31,Cohen Media Group,Foreign,You Will Be My Son,8/16,272,R,"August 16, 2013",1 hrs. 42 min.,Cohen,"$285,151",2013,1,21
"$32,300","$305,900",,5/16,IFC,Documentary,Room 237,3/29,273,Unrated,"March 29, 2013",1 hrs. 43 min.,IFC,"$296,359",2013,2,28
,"$303,800",,3/27,Alive Mind Cinema,Documentary,The Anonymous People,8/16,274,Unrated,"August 16, 2013",,AM,"$284,147",2013,,13
"$27,500","$288,800",,5/16,Cohen Media Group,Foreign,Blancanieves,3/29,275,PG-13,"March 29, 2013",1 hrs. 44 min.,Cohen,"$279,735",2013,4,27
"$215,500","$279,600",,4/21,UTV Communications,Foreign / Action,Himmatwala,3/29,276,Unrated,"March 29, 2013",2 hrs. 30 min.,UTV,"$270,880",2013,99,99
"$173,900","$270,600",,3/24,Eros,Foreign,The Attacks of 26/11,3/1,277,Unrated,"March 1, 2013",1 hrs. 56 min.,Eros,"$248,346",2013,51,51
"$91,700","$268,000",,11/24,Main Street Films,Romance,Great Expectations (2013),11/8,278,PG-13,"November 8, 2013",2 hrs. 8 min.,MSF,"$258,656",2013,86,86
"$23,800","$257,600",,4/25,IFC,Foreign,Like Someone in Love,2/15,279,Unrated,"February 15, 2013",1 hrs. 49 min.,IFC,"$239,056",2013,3,23
"$21,700","$252,300",,11/14,IFC,Documentary,The Summit,10/4,280,R,"October 4, 2013",1 hrs. 42 min.,IFC,"$243,550",2013,8,70
"$100,500","$250,100",,5/16,Magnolia,Documentary,A Place at the Table,3/1,281,PG,"March 1, 2013",1 hrs. 24 min.,Magn.,"$231,378",2013,35,35
"$170,400","$248,400",,3/28,Freestyle Releasing,Comedy,InAPPropriate Comedy,3/22,282,R,"March 22, 2013",1 hrs. 24 min.,Free,"$228,004",2013,275,275
"$103,800","$241,900",,3/7,UTV Communications,Foreign,ABCD (Any Body Can Dance),2/8,283,Unrated,"February 8, 2013",2 hrs. 25 min.,UTV,"$222,098",2013,25,25
,"$233,800",,-,Warner Bros.,Sci-Fi Adventure,2001: A Space Odyssey (2013 re-release),1/2,284,G,"January 2, 2013",,WB,"$214,618Domestic Lifetime Gross: $57,169,610",2013,,
"$143,100","$233,800",,12/12,Eros,Foreign,Singh Saab The Great,11/22,285,Unrated,"November 22, 2013",1 hrs. 30 min.,Eros,"$225,668",2013,54,54
"$15,900","$227,300",,10/31,Weinstein Company,Foreign,Haute Cuisine,9/20,286,PG-13,"September 20, 2013",1 hrs. 35 min.,Wein.,"$217,883",2013,3,60
"$40,500","$224,900",,11/21,Magnolia,Comedy / Drama,Prince Avalanche,8/9,287,R,"August 9, 2013",1 hrs. 34 min.,Magn.,"$205,139",2013,14,23
"$148,200","$224,000",,7/7,UTV Communications,Foreign,Ghanchakkar,6/28,288,Unrated,"June 28, 2013",2 hrs. 17 min.,UTV,"$203,044",2013,89,89
"$27,600","$223,300",,9/12,IFC,Comedy Thriller,Crystal Fairy,7/12,289,Unrated,"July 12, 2013",1 hrs. 38 min.,IFC,"$202,370",2013,2,20
"$23,300","$217,800",,3/20,Radius-TWC,Documentary,Cutie and the Boxer,8/16,290,R,"August 16, 2013",1 hrs. 22 min.,RTWC,"$200,036",2013,3,16
,"$215,300",,-,Warner Bros.,Romance,Casablanca (2013 re-release),4/3,291,PG,"April 3, 2013",,WB,"$208,608Domestic Lifetime Gross: $4,108,411",2013,,
"$116,400","$214,500",,6/6,Cinedigm Entertainment,Romantic Comedy,Arthur Newman,4/26,292,R,"April 26, 2013",1 hrs. 40 min.,Cdgm.,"$207,853",2013,248,248
"$14,300","$207,500",,8/8,Magnolia,Documentary,No Place on Earth,4/5,293,Unrated,"April 5, 2013",1 hrs. 23 min.,Magn.,"$200,238",2013,2,27
"$71,500","$200,400",,7/18,Codeblack Entertainment,Documentary,Free Angela and All Political Prisoners,4/5,294,Unrated,"April 5, 2013",1 hrs. 40 min.,Code,"$194,102",2013,16,16
"$12,600","$197,400",,7/25,Paladin/108 Media,Drama,Midnight's Children,4/26,295,Unrated,"April 26, 2013",2 hrs. 28 min.,P/108,"$190,022",2013,2,17
"$17,300","$193,400",,10/24,Weinstein Company,Foreign,Populaire,9/6,296,R,"September 6, 2013",1 hrs. 51 min.,Wein.,"$179,091",2013,3,58
"$30,200","$192,500",,9/22,The Film Arcade,Comedy / Drama,Afternoon Delight,8/30,297,R,"August 30, 2013",1 hrs. 35 min.,TFA,"$174,496",2013,2,39
"$57,400","$189,500",,8/11,The Film Collective,Historical Drama,Copperhead,6/28,298,PG-13,"June 28, 2013",1 hrs. 58 min.,FC,"$171,740",2013,59,59
"$7,400","$185,200",,4/10,Tribeca Film,Foreign,Broken Circle Breakdown,11/1,299,Unrated,"November 1, 2013",1 hrs. 52 min.,Trib.,"$175,058",2013,1,21
"$29,000","$182,500",,7/11,Samuel Goldwyn,Documentary,Somm,6/21,300,Unrated,"June 21, 2013",1 hrs. 33 min.,Gold.,"$174,197",2013,5,9
"$19,700","$182,000",,11/7,The Film Arcade,Comedy,A.C.O.D.,10/4,301,PG-13,"October 4, 2013",1 hrs. 28 min.,TFA,"$175,705",2013,3,42
"$86,300","$179,100",,5/23,Lionsgate,Foreign,Cinco De Mayo: La Batalla,5/3,302,R,"May 3, 2013",2 hrs. 5 min.,LGF,"$173,472",2013,20,43
"$65,600","$178,100",,11/21,Producers Distribution Agency,Fantasy Drama,Escape from Tomorrow,10/11,303,Unrated,"October 11, 2013",1 hrs. 30 min.,PDA,"$171,962",2013,30,30
"$129,100","$172,500",,12/12,Eros,Foreign,R... Rajkumar,12/6,304,Unrated,"December 6, 2013",2 hrs. 26 min.,Eros,"$166,503",2013,91,91
"$28,600","$171,600",,6/20,Focus Features,Documentary,We Steal Secrets: The Story of Wikileaks,5/24,305,R,"May 24, 2013",2 hrs. 7 min.,Focus,"$166,243",2013,4,25
"$90,600","$171,000",,2/14,Indomina Media,Drama,LUV,1/18,306,R,"January 18, 2013",1 hrs. 35 min.,IM,"$156,996",2013,45,45
"$61,900","$170,500",,10/20,Well Go USA,Foreign,On the Job,9/27,307,Unrated,"September 27, 2013",2 hrs. 0 min.,WGUSA,"$164,620",2013,29,29
"$24,800","$168,000",,12/5,Oscilloscope Pictures,Drama,Mother of George,9/13,308,R,"September 13, 2013",1 hrs. 47 min.,Osci.,"$157,937",2013,1,8
"$22,300","$167,900",,9/29,Rocky Mountain Pictures,Sports Drama,Snake and Mongoose,8/9,309,PG-13,"August 9, 2013",1 hrs. 41 min.,RM,"$152,200",2013,1,14
"$12,600","$166,800",,4/3,International Film Circuit,Documentary,Free the Mind,5/3,310,Unrated,"May 3, 2013",1 hrs. 20 min.,ICir,"$157,201",2013,1,6
"$10,300","$161,600",,11/28,Sony Classics,Foreign,The Patience Stone,8/14,311,R,"August 14, 2013",1 hrs. 42 min.,SPC,"$148,671",2013,2,20
"$20,600","$161,000",,10/30,Kino Lorber,Foreign,A Touch of Sin,10/4,312,Unrated,"October 4, 2013",2 hrs. 13 min.,KL,"$154,120",2013,2,7
"$14,200","$160,400",,10/31,Kino Lorber,Documentary,Deceptive Practice: The Mysteries and Mentors of Ricky Jay,4/17,313,Unrated,"April 17, 2013",1 hrs. 28 min.,KL,"$152,791",2013,1,7
"$13,600","$154,400",,4/11,Magnolia,Fantasy Comedy,John Dies at the End,1/25,314,R,"January 25, 2013",1 hrs. 39 min.,Magn.,"$141,951",2013,1,19
"$75,900","$153,200",,5/30,Eros,Foreign,Rangeelay,5/17,315,Unrated,"May 17, 2013",2 hrs. 9 min.,Eros,"$148,418",2013,20,20
"$19,000","$152,500",,1/30,Rada Film Group,Documentary,American Promise,10/18,316,Unrated,"October 18, 2013",2 hrs. 15 min.,RFG,"$146,702",2013,2,8
"$6,300","$150,300",,12/26,Cinedigm Entertainment,Documentary,Narco Cultura,11/22,317,R,"November 22, 2013",1 hrs. 42 min.,Cdgm.,"$145,088",2013,1,46
"$7,500","$148,200",,12/5,Magnolia,Documentary,Good Ol' Freda,9/6,318,PG,"September 6, 2013",1 hrs. 26 min.,Magn.,"$138,811",2013,1,17
"$32,900","$143,000",,1/9,IFC,Animation,Is the Man Who Is Tall Happy?,11/22,319,Unrated,"November 22, 2013",1 hrs. 28 min.,IFC,"$137,042",2013,3,15
"$18,600","$141,200",,9/8,Cohen Media Group,Foreign,The Artist and the Model,8/2,320,R,"August 2, 2013",1 hrs. 45 min.,Cohen,"$127,958",2013,2,11
"$6,500","$141,100",,11/14,Variance Films,Foreign / Action,Drug War,7/26,321,R,"July 26, 2013",1 hrs. 45 min.,Vari.,"$128,195",2013,1,13
"$36,000","$140,400",,9/19,Drafthouse,Documentary,A Band Called Death,6/28,322,Unrated,"June 28, 2013",1 hrs. 36 min.,Drft.,"$127,257",2013,15,16
"$50,800","$138,500",,5/16,CJ Entertainment,Foreign / Action,Fists of Legend,4/12,323,Unrated,"April 12, 2013",2 hrs. 34 min.,CJ,"$134,213",2013,23,23
"$24,500","$138,500",,10/10,Magnolia,Sci-Fi Thriller,Europa Report,8/2,324,PG-13,"August 2, 2013",1 hrs. 30 min.,Magn.,"$125,687",2013,3,12
"$35,200","$136,300",,3/2,River Rain,Thriller,Final: The Rapture,9/13,325,PG-13,"September 13, 2013",,RivR,"$124,561",2013,2,4
"$15,900","$133,100",,4/25,IFC,Foreign,Beyond the Hills,3/8,326,Unrated,"March 8, 2013",2 hrs. 32 min.,IFC,"$124,919",2013,3,17
"$10,300","$132,900",,-,Paladin/Film Buff,Documentary,Spark: A Burning Man Story,8/16,327,Unrated,"August 16, 2013",1 hrs. 30 min.,P/FB,"$120,459",2013,2,8
"$16,900","$132,300",,2/6,Noujaim Films,Documentary,The Square (2013),10/25,328,Unrated,"October 25, 2013",1 hrs. 44 min.,Nou,"$124,244",2013,1,9
"$76,500","$129,500",,7/4,Excel,Foreign,Fukrey,6/14,329,Unrated,"June 14, 2013",2 hrs. 10 min.,Excel,"$125,279",2013,57,57
"$25,600","$128,100",,1/16,IFC,Documentary,The Punk Singer,11/29,330,Unrated,"November 29, 2013",1 hrs. 22 min.,IFC,"$122,742",2013,3,24
"$13,400","$127,200",,4/18,Strand,Foreign,Yossi,1/25,331,Unrated,"January 25, 2013",1 hrs. 24 min.,Strand,"$117,047",2013,2,8
"$51,400","$127,100",,7/11,High Top Releasing,Comedy,Lost and Found in Armenia,6/7,332,Unrated,"June 7, 2013",1 hrs. 40 min.,HTR,"$122,305",2013,9,9
"$7,500","$126,500",,8/25,Xlrator Media,Documentary,Storm Surfers 3D,4/26,333,Unrated,"April 26, 2013",1 hrs. 35 min.,XL,"$117,090",2013,2,7
"$8,200","$120,300",,-,Kino Lorber,Documentary,Ain't In It For My Health: A Film About Levon Helm,4/19,334,Unrated,"April 19, 2013",1 hrs. 45 min.,KL,"$113,966",2013,1,10
,"$117,200",,-,Warner Bros.,Family Adventure,Goonies (2013 re-release),4/28,335,PG,"April 28, 2013",1 hrs. 30 min.,WB,"$113,538Domestic Lifetime Gross: $61,503,218",2013,,
"$16,700","$116,900",,-,Magnolia,Documentary,Big Star: Nothing Can Hurt Me,7/3,336,PG-13,"July 3, 2013",1 hrs. 53 min.,Magn.,"$105,998",2013,2,9
"$21,500","$116,500",,12/19,The Film Arcade,Documentary,Spinning Plates,10/25,337,Unrated,"October 25, 2013",1 hrs. 33 min.,TFA,"$112,449",2013,3,6
"$68,000","$115,700",,5/9,Eros,Foreign,Ek Thi Daayan,4/19,338,Unrated,"April 19, 2013",2 hrs. 10 min.,Eros,"$112,135",2013,47,47
"$103,400","$114,500",,9/19,Gabriel's Messenger Films,Drama,The Investigator,9/13,339,PG-13,"September 13, 2013",1 hrs. 41 min.,GMF,"$103,739",2013,11,11
"$14,100","$114,100",,9/19,Music Box Films,Foreign,Augustine,5/17,340,Unrated,"May 17, 2013",1 hrs. 41 min.,MBox,"$107,352",2013,5,10
"$5,000","$114,100",,2/20,Music Box Films,Documentary,Bettie Page Reveals All,11/22,341,R,"November 22, 2013",1 hrs. 30 min.,MBox,"$108,118",2013,1,21
"$31,300","$113,200",,4/11,Millennium Ent.,Fantasy,Upside Down,3/15,342,PG-13,"March 15, 2013",1 hrs. 48 min.,MNE,"$105,095",2013,11,39
"$22,100","$112,500",,9/8,MPI Media Group,Foreign,Therese,8/23,343,Unrated,"August 23, 2013",1 hrs. 50 min.,MPI,"$101,944",2013,6,8
"$10,700","$112,100",,1/30,Kino Lorber,Comedy,Computer Chess,7/17,344,Unrated,"July 17, 2013",1 hrs. 32 min.,KL,"$102,041",2013,2,9
"$19,000","$111,300",,9/19,IFC,Foreign,Una Noche,8/23,345,Unrated,"August 23, 2013",1 hrs. 30 min.,IFC,"$100,887",2013,3,6
"$22,900","$109,400",,5/16,IFC,Comedy / Drama,Gimme the Loot,3/22,346,Unrated,"March 22, 2013",1 hrs. 19 min.,IFC,"$104,442",2013,1,10
"$6,200","$108,200",,6/30,Cinedigm Entertainment,Comedy / Drama,The English Teacher,5/17,347,R,"May 17, 2013",1 hrs. 31 min.,Cdgm.,"$104,810",2013,2,7
"$11,900","$106,500",,-,Zeitgeist,Documentary,One Track Heart: The Story of Krishna Das,5/8,348,Unrated,"May 8, 2013",1 hrs. 12 min.,Zeit.,"$100,401",2013,1,5
,"$106,400",,4/4,Abramorama,Documentary,Stevie Nicks - In Your Dreams,3/31,349,Unrated,"March 31, 2013",,Abr.,"$103,028",2013,,76
"$8,700","$105,400",,10/10,Music Box Films,Foreign,The Silence,3/8,350,Unrated,"March 8, 2013",1 hrs. 51 min.,MBox,"$100,214",2013,2,11
"$23,200","$105,300",,11/14,Cohen Media Group,Foreign,Capital,10/25,351,R,"October 25, 2013",1 hrs. 53 min.,Cohen,"$101,700",2013,2,34
"$3,500","$105,200","$65,000",9/19,Janson Media,Documentary,The United States of Autism,4/5,352,Unrated,"April 5, 2013",1 hrs. 33 min.,JM,"$100,403",2013,1,12
"$11,000","$105,100",,8/1,Magnolia,Drama / Thriller,Shadow Dancer,5/31,353,R,"May 31, 2013",1 hrs. 44 min.,Magn.,"$100,616",2013,2,14
,"$104,800",,-,Warner Bros.,Western Comedy,Blazing Saddles (2013 re-release),5/15,354,R,"May 15, 2013",1 hrs. 33 min.,WB,"$101,481Domestic Lifetime Gross: $119,601,481",2013,,
"$63,200","$103,700",,11/7,Radius-TWC,Action,Man of Tai Chi,11/1,355,R,"November 1, 2013",1 hrs. 45 min.,RTWC,"$100,144",2013,110,110
"$36,900","$101,700",,9/26,Entertainment One,Drama,Passion,8/30,356,R,"August 30, 2013",1 hrs. 41 min.,EOne,"$92,181",2013,14,14
,"$99,900",,-,Warner Bros.,Musical,Singin' in the Rain (2013 re-release),4/4,357,G,"April 4, 2013",1 hrs. 43 min.,WB,"$96,763Domestic Lifetime Gross: $1,826,108",2013,,
"$14,800","$99,900",,10/24,IFC,Drama,Blue Caprice,9/13,358,R,"September 13, 2013",1 hrs. 33 min.,IFC,"$93,995",2013,1,36
"$17,200","$98,400",,8/8,IFC,Thriller,Byzantium,6/28,359,R,"June 28, 2013",1 hrs. 58 min.,IFC,"$89,237",2013,6,13
"$37,400","$95,700",,-,Tribeca Film,Comedy,Somebody Up There Likes Me,3/8,360,Unrated,"March 8, 2013",1 hrs. 16 min.,Trib.,"$89,435",2013,1,3
,"$95,200",,3/6,Liberty Street Films,Documentary,Money for Nothing: Inside the Federal Reserve,9/6,361,Unrated,"September 6, 2013",1 hrs. 43 min.,LibSt.,"$88,045",2013,,5
"$52,100","$94,600",,8/4,Well Go USA,Foreign,The Rooftop,7/19,362,Unrated,"July 19, 2013",2 hrs. 0 min.,WGUSA,"$85,755",2013,17,17
"$28,500","$93,500",,8/29,Waking Giants,Drama,Kings Faith,4/26,363,PG-13,"April 26, 2013",1 hrs. 47 min.,WG,"$90,106",2013,6,14
"$36,200","$90,900",,10/20,AMC Theaters,Foreign / Action,Young Detective Dee: Rise of the Sea Dragon,9/27,364,Unrated,"September 27, 2013",1 hrs. 50 min.,WAMCR,"$87,783",2013,35,35
"$54,100","$90,700",,5/2,UTV Communications,Foreign,Settai,4/5,365,Unrated,"April 5, 2013",2 hrs. 16 min.,UTV,"$87,838",2013,33,33
"$38,600","$89,400",,8/29,Millennium Ent.,Comedy / Drama,Stuck in Love,7/5,366,R,"July 5, 2013",1 hrs. 36 min.,MNE,"$81,071",2013,21,21
"$68,200","$89,000",,9/12,Image Entertainment,Drama,Winnie Mandela,9/6,367,R,"September 6, 2013",1 hrs. 47 min.,Imag.,"$80,634",2013,32,32
"$57,900","$88,400",,7/25,Prabhudheva,Foreign,Ramaiya Vastavaiya,7/19,368,Unrated,"July 19, 2013",2 hrs. 30 min.,Prab.,"$80,108",2013,67,67
"$13,700","$87,900",,6/6,IFC,Foreign,Something in the Air,5/3,369,Unrated,"May 3, 2013",2 hrs. 2 min.,IFC,"$85,154",2013,3,10
"$5,400","$86,400",,7/10,Kino Lorber,Documentary,More Than Honey,6/12,370,Unrated,"June 12, 2013",1 hrs. 35 min.,KL,"$79,772",2013,1,7
,"$85,700",,3/27,The Film Collaborative,Documentary,I Am Divine,10/11,371,Unrated,"October 11, 2013",1 hrs. 30 min.,TFC,"$81,497",2013,1,10
"$15,100","$84,300",,10/31,Entertainment One,Horror Thriller,We Are What We Are,9/27,372,R,"September 27, 2013",1 hrs. 40 min.,EOne,"$81,381",2013,2,17
,"$82,600",,6/20,Adopt Films,Foreign,Caesar Must Die,2/1,373,Unrated,"February 1, 2013",1 hrs. 16 min.,AF,"$76,908",2013,,4
"$10,900","$81,400",,10/24,Cinema Guild,Documentary,Leviathan (2013),3/1,374,Unrated,"March 1, 2013",1 hrs. 27 min.,CGld,"$76,211",2013,1,5
,"$79,300",,12/19,Well Go USA,Foreign,Commitment,12/6,375,Unrated,"December 6, 2013",1 hrs. 48 min.,WGUSA,"$76,543",2013,,22
"$49,300","$77,300",,5/23,Anchor Bay Films,Horror,No One Lives,5/10,376,R,"May 10, 2013",1 hrs. 25 min.,Anch.,"$74,918",2013,53,53
"$7,700","$76,100",,5/9,Oscilloscope Pictures,Foreign,Reality (2013),3/15,377,R,"March 15, 2013",1 hrs. 56 min.,Osci.,"$72,577",2013,1,12
"$17,100","$75,900",,11/14,Oscilloscope Pictures,Documentary,After Tiller,9/20,378,PG-13,"September 20, 2013",1 hrs. 25 min.,Osci.,"$72,125",2013,2,6
"$10,400","$75,500",,1/2,Variance Films,Drama,An Oversimplification of Her Beauty,4/26,379,Unrated,"April 26, 2013",1 hrs. 29 min.,Vari.,"$71,906",2013,2,4
"$9,500","$75,300",,5/16,Tribeca Film,Foreign,War Witch,3/1,380,Unrated,"March 1, 2013",,Trib.,"$70,544",2013,2,16
"$1,700","$73,800",,4/17,First Run,Documentary,Maidentrip,12/20,381,Unrated,"December 20, 2013",1 hrs. 22 min.,FRun,"$68,243",2013,1,9
"$6,200","$73,600",,3/27,Variance Films,Drama / Thriller,Go For Sisters,11/8,382,Unrated,"November 8, 2013",2 hrs. 1 min.,Vari.,"$70,495",2013,2,12
"$33,100","$73,100",,11/10,EchoLight Studios,Drama,Seasons of Gray,10/18,383,PG-13,"October 18, 2013",1 hrs. 29 min.,ELS,"$70,605",2013,24,24
"$9,500","$70,900",,-,Zeitgeist,Documentary,The Pervert's Guide to Ideology,11/1,384,Unrated,"November 1, 2013",2 hrs. 16 min.,Zeit.,"$67,966",2013,1,4
"$24,200","$70,600",,8/8,Abramorama,Documentary,Pandora's Promise,6/12,385,Unrated,"June 12, 2013",1 hrs. 26 min.,Abr.,"$66,680",2013,16,16
"$51,900","$70,500",,10/3,China Lion,Foreign,My Lucky Star,9/20,386,Unrated,"September 20, 2013",1 hrs. 54 min.,CL,"$64,432",2013,23,23
"$5,400","$67,000",,1/30,Zeitgeist,Documentary,Let the Fire Burn,10/2,387,Unrated,"October 2, 2013",1 hrs. 35 min.,Zeit.,"$64,489",2013,1,9
"$27,900","$66,200",,4/25,Cinedigm Entertainment,Documentary,Don't Stop Believin': Everyman's Journey,3/8,388,R,"March 8, 2013",1 hrs. 45 min.,Cdgm.,"$61,018",2013,23,23
"$5,200","$65,400",,8/8,Distrib Films,Documentary,Becoming Traviata,5/15,389,Unrated,"May 15, 2013",2 hrs. 0 min.,Distrib.,"$62,652",2013,1,7
"$7,600","$63,800",,6/6,IFC,Thriller,Sightseers,5/10,390,Unrated,"May 10, 2013",1 hrs. 29 min.,IFC,"$61,782",2013,2,10
"$6,100","$63,200",,1/12,Rialto,Horror,The Wicker Man - Final Cut,9/27,391,R,"September 27, 2013",1 hrs. 34 min.,Rialto,"$60,891",2013,1,14
"$15,800","$62,800",,5/9,Oscilloscope Pictures,Comedy,It's a Disaster,4/12,392,R,"April 12, 2013",1 hrs. 28 min.,Osci.,"$60,818",2013,3,13
"$14,700","$62,700",,9/5,IFC,Romantic Thriller,The Canyons,8/2,393,R,"August 2, 2013",1 hrs. 39 min.,IFC,"$56,825",2013,1,9
"$35,100","$62,500",,2/21,AMC Theaters,Foreign,Lost in Thailand,2/8,394,Unrated,"February 8, 2013",1 hrs. 45 min.,WAMCR,"$57,387",2013,29,35
"$29,600","$62,400",,12/1,Magnolia,Action Drama,How I Live Now,11/8,395,R,"November 8, 2013",1 hrs. 41 min.,Magn.,"$60,213",2013,68,68
,"$62,300",,7/24,International Film Circuit,Documentary,Sweet Dreams (2013),11/1,396,Unrated,"November 1, 2013",1 hrs. 24 min.,ICir,"$59,403",2013,,7
"$3,300","$62,100",,1/23,Kino Lorber,Documentary,The Trials of Muhammad Ali,8/23,397,Unrated,"August 23, 2013",1 hrs. 26 min.,KL,"$59,081",2013,1,10
"$41,700","$61,100",,8/8,Eros,Foreign,Bajatey Raho,7/26,398,Unrated,"July 26, 2013",1 hrs. 50 min.,Eros,"$55,397",2013,44,44
"$4,900","$61,000",,12/26,Variance Films,Documentary,Terms and Conditions May Apply,7/12,399,Unrated,"July 12, 2013",1 hrs. 19 min.,Vari.,"$55,824",2013,1,6
"$10,400","$60,700",,5/1,Leisure Time,Foreign,Faust,11/15,400,Unrated,"November 15, 2013",2 hrs. 14 min.,Leis.,"$58,132",2013,2,6
"$41,500","$60,400",,5/16,Radius-TWC,Horror,Aftershock,5/10,401,R,"May 10, 2013",1 hrs. 31 min.,RTWC,"$58,510",2013,110,110
"$36,100","$60,300",,10/13,Screen Media,Comedy,C.O.G.,9/20,402,R,"September 20, 2013",1 hrs. 32 min.,Scre.,"$55,301",2013,20,20
"$29,600","$59,700",,10/3,Armando Montelongo Productions,Thriller,Mission Park,9/6,403,R,"September 6, 2013",1 hrs. 41 min.,AMP,"$54,204",2013,15,15
"$11,800","$56,900",,7/30,Icarus Films,Documentary,Le Joli Mai,9/13,404,Unrated,"September 13, 2013",2 hrs. 16 min.,Icar.,"$54,168",2013,3,3
,"$56,000",,8/7,Drive-in Doc LLC,Documentary,Going Attractions: The Definitive Story of the American Drive-in Movie,6/7,405,Unrated,"June 7, 2013",1 hrs. 25 min.,DID,"$52,458",2013,,4
$300,"$55,800",,5/19,"Monterey Media, Inc.",Drama,Leonie,3/15,406,PG-13,"March 15, 2013",1 hrs. 42 min.,Mont.,"$53,692",2013,1,11
"$15,800","$53,700",,9/29,Cohen Media Group,Documentary,Mademoiselle C,9/11,407,R,"September 11, 2013",1 hrs. 33 min.,Cohen,"$48,668",2013,6,7
"$7,600","$53,200",,1/2,Variance Films,Documentary,God Loves Uganda,10/11,408,Unrated,"October 11, 2013",1 hrs. 23 min.,Vari.,"$51,229",2013,1,5
"$11,300","$52,900",,6/27,Magnolia,Documentary,Venus and Serena,5/10,409,PG-13,"May 10, 2013",1 hrs. 40 min.,Magn.,"$51,271",2013,4,8
"$16,700","$51,300",,10/3,Submarine Deluxe,Documentary,GMO OMG,9/13,410,Unrated,"September 13, 2013",1 hrs. 23 min.,SD,"$47,558",2013,1,9
"$10,700","$51,000",,8/18,Rialto,Foreign,Un Flic (2013 re-release),4/19,411,PG,"April 19, 2013",,Rialto,"$48,040",2013,1,1
"$34,500","$50,900",,1/17,Eros,Foreign,Table No. 21,1/4,412,Unrated,"January 4, 2013",,Eros,"$46,720",2013,23,23
"$29,100","$50,500",,10/10,Le Petit Canyon,Romantic Comedy,Jewtopia,9/20,413,Unrated,"September 20, 2013",1 hrs. 30 min.,LPC,"$46,437",2013,16,16
"$1,800","$49,800",,9/12,Variance Films,Documentary,American Made Movie,8/30,414,G,"August 30, 2013",1 hrs. 22 min.,Vari.,"$45,175",2013,2,6
"$13,100","$49,400",,2/21,A24,Comedy,A Glimpse Inside the Mind of Charles Swan III,2/8,415,R,"February 8, 2013",1 hrs. 26 min.,A24,"$45,350",2013,2,18
"$49,000","$49,000",,-,Lambert Releasing,Documentary,Greedy Lying Bastards,3/8,416,PG-13,"March 8, 2013",1 hrs. 30 min.,LR,"$45,000",2013,50,50
"$22,800","$48,300",,9/2,China Lion,Foreign,Tiny Times 2,8/16,417,Unrated,"August 16, 2013",1 hrs. 57 min.,CL,"$43,788",2013,6,6
"$26,800","$47,800",,-,Entertainment One,Drama,Wish You Were Here (2013),6/7,418,R,"June 7, 2013",1 hrs. 29 min.,EOne,"$46,347",2013,11,11
"$9,200","$47,700",,1/23,Rialto,Foreign,Contempt (2013 re-release),9/6,419,Unrated,"September 6, 2013",1 hrs. 42 min.,Rialto,"$43,763",2013,1,2
"$22,300","$47,500",,-,Drafthouse,Comedy,Wrong (2013),3/29,420,Unrated,"March 29, 2013",1 hrs. 34 min.,Drft.,"$46,021",2013,16,20
"$11,200","$47,300",,-,Paladin/108 Media,Drama,My Brother The Devil,3/22,421,Unrated,"March 22, 2013",1 hrs. 51 min.,P/108,"$44,906",2013,2,4
"$15,100","$47,100",,-,Wolfe Releasing,Drama,Reaching for the Moon,11/8,422,Unrated,"November 8, 2013",1 hrs. 58 min.,Wlfe.,"$45,502",2013,2,4
"$11,700","$45,500",,5/2,Paladin/108 Media,Drama,The We and the I,3/8,423,Unrated,"March 8, 2013",1 hrs. 43 min.,P/108,"$42,172",2013,1,7
"$8,200","$45,100",,12/12,Cinema Guild,Documentary,Andre Gregory: Before and After Dinner,4/3,424,Unrated,"April 3, 2013",1 hrs. 48 min.,CGld,"$42,892",2013,1,3
"$4,500","$44,300",,11/21,Strand,Adventure,Zaytoun,9/20,425,Unrated,"September 20, 2013",1 hrs. 47 min.,Strand,"$42,330",2013,2,9
"$8,600","$44,100",,10/24,Radius-TWC,Drama,Concussion,10/4,426,R,"October 4, 2013",1 hrs. 36 min.,RTWC,"$42,606",2013,2,25
"$30,600","$44,000",,7/18,Millennium Ent.,Action,Killing Season,7/12,427,R,"July 12, 2013",1 hrs. 30 min.,MNE,"$39,881",2013,12,12
"$31,400","$43,500",,10/3,Samuel Goldwyn,Documentary,The Short Game,9/20,428,PG,"September 20, 2013",1 hrs. 30 min.,Gold.,"$39,819",2013,17,20
"$9,500","$42,900",,8/28,Tribeca Film,Documentary,How to Make Money Selling Drugs,6/26,429,Unrated,"June 26, 2013",1 hrs. 36 min.,Trib.,"$39,192",2013,5,5
"$38,700","$42,900",,4/25,Rockstone Releasing,Horror Comedy,Holla II,4/19,430,R,"April 19, 2013",1 hrs. 30 min.,RR,"$41,537",2013,6,6
"$6,400","$42,800",,-,House Lights Media,Romantic Comedy,Language of a Broken Heart,3/8,431,R,"March 8, 2013",1 hrs. 38 min.,HLM,"$40,645",2013,1,5
"$8,100","$42,200",,12/12,First Run,Documentary,Rising From Ashes,8/2,432,Unrated,"August 2, 2013",1 hrs. 22 min.,FRun,"$38,602",2013,3,5
"$4,000","$41,800",,10/20,Xlrator Media,Music Drama,CBGB,10/4,433,R,"October 4, 2013",1 hrs. 41 min.,XL,"$40,400",2013,1,100
"$2,300","$41,500",,9/26,Music Box Films,Foreign,The Wall (2013),5/31,434,Unrated,"May 31, 2013",1 hrs. 48 min.,MBox,"$38,674",2013,1,4
"$6,800","$41,400",,12/5,Fine Line Media,Documentary,Herb and Dorothy 50x50,9/13,435,Unrated,"September 13, 2013",1 hrs. 30 min.,FLM,"$38,933",2013,1,8
"$17,200","$41,100",,9/26,Ketchup Entertainment,Drama,Savannah,8/23,436,PG-13,"August 23, 2013",1 hrs. 41 min.,KE,"$37,240",2013,14,14
"$6,800","$40,900",,7/18,IFC,Horror Thriller,Berberian Sound Studio,6/14,437,Unrated,"June 14, 2013",1 hrs. 32 min.,IFC,"$38,493",2013,5,11
"$17,100","$40,800",,10/20,Well Go USA,Foreign / Action,Ip Man: The Final Fight,9/20,438,PG-13,"September 20, 2013",1 hrs. 42 min.,WGUSA,"$37,884",2013,14,14
"$20,600","$40,700",,7/11,Roadside Attractions,Action Thriller,Redemption (2013),6/28,439,R,"June 28, 2013",1 hrs. 40 min.,RAtt.,"$36,895",2013,19,19
,"$40,700",,11/28,Kino Lorber,Foreign,Russian Ark (2013 re-release),9/6,440,Unrated,"September 6, 2013",,KL,"$37,984Domestic Lifetime Gross: $3,048,997",2013,,2
"$10,100","$40,600",,6/6,First Run,Documentary,Mumia: Long Distance Revolutionary,2/1,441,Unrated,"February 1, 2013",2 hrs. 0 min.,FRun,"$37,731",2013,1,4
"$4,800","$40,600",,8/15,Strand,Foreign,Post Tenebras Lux,5/1,442,Unrated,"May 1, 2013",1 hrs. 55 min.,Strand,"$39,185",2013,1,6
"$8,700","$40,200",,9/12,Rialto,Drama,The Servant (2013 re-release),7/26,443,Unrated,"July 26, 2013",1 hrs. 55 min.,Rialto,"$36,463",2013,1,2
"$3,800","$39,300",,10/24,Magnolia,Comedy / Drama,Touchy Feely,9/6,444,R,"September 6, 2013",1 hrs. 30 min.,Magn.,"$36,128",2013,2,5
"$20,700","$38,900",,9/19,Freestyle Releasing,Sports Drama,Underdogs,8/16,445,PG,"August 16, 2013",1 hrs. 42 min.,Free,"$35,271",2013,4,4
"$17,400","$38,800",,1/2,Ketchup Entertainment,Drama,Big Sur,11/1,446,R,"November 1, 2013",1 hrs. 21 min.,KE,"$37,466",2013,13,13
"$3,800","$38,300",,-,First Run,Documentary,Far Out Isn't Far Enough: The Tomi Ungerer Story,6/14,447,Unrated,"June 14, 2013",1 hrs. 38 min.,FRun,"$35,647",2013,1,5
"$6,000","$38,200",,9/19,Magnolia,Romantic Comedy,I Give It a Year,8/9,448,R,"August 9, 2013",1 hrs. 37 min.,Magn.,"$34,657",2013,2,6
"$6,700","$38,100",,12/19,Kino Lorber,Crime,Fritz Lang's 'M' (2013 re-release),3/15,449,Unrated,"March 15, 2013",1 hrs. 39 min.,KL,"$35,566",2013,1,3
"$12,200","$37,800",,-,Brainstorm Media,Drama,The Girl (2013),3/8,450,PG-13,"March 8, 2013",1 hrs. 35 min.,BSM,"$35,048",2013,2,7
"$5,300","$36,900",,2/20,Kino Lorber,Foreign,Camille Claudel 1915,10/16,451,Unrated,"October 16, 2013",1 hrs. 35 min.,KL,"$35,296",2013,1,4
"$8,800","$36,800",,3/13,Carlotta Films,Foreign,Mauvais Sang (2013 re-release),11/29,452,Unrated,"November 29, 2013",1 hrs. 45 min.,CFilms,"$35,176",2013,1,2
"$13,000","$36,200",,-,Well Go USA,Foreign / Action,Tai Chi Hero,4/26,453,Unrated,"April 26, 2013",1 hrs. 40 min.,WGUSA,"$35,067",2013,7,7
"$4,800","$35,100",,8/1,First Run,Documentary,Bert Stern: Original Mad Man,4/5,454,Unrated,"April 5, 2013",1 hrs. 29 min.,FRun,"$34,005",2013,4,6
"$7,100","$34,500",,11/28,Vitagraph,Documentary,Running From Crazy,11/1,455,Unrated,"November 1, 2013",1 hrs. 40 min.,Vita.,"$33,300",2013,1,5
"$2,300","$34,300",,10/17,Area23a,Documentary,Dislecksia: The Movie,10/4,456,Unrated,"October 4, 2013",1 hrs. 24 min.,A23,"$33,066",2013,1,1
"$4,100","$33,800",,-,Magnolia,Documentary,Evocateur: The Morton Downey Jr. Movie,6/7,457,R,"June 7, 2013",1 hrs. 30 min.,Magn.,"$31,313",2013,5,5
"$5,800","$33,800",,7/8,IFC,Horror Thriller,Maniac (2013),6/21,458,Unrated,"June 21, 2013",1 hrs. 29 min.,IFC,"$31,081",2013,1,12
"$5,300","$33,100",,-,Zipporah Films,Documentary,At Berkeley,11/8,459,Unrated,"November 8, 2013",4 hrs. 4 min.,Zipp.,"$31,736",2013,2,6
"$9,800","$31,700",,-,APD/Cinema Conservancy,Family,Little Fugitive (2013 re-release),2/1,460,Unrated,"February 1, 2013",1 hrs. 20 min.,APD/C,"$29,505",2013,1,2
,"$31,600",,6/6,First Run,Documentary,A Fierce Green Fire,2/22,461,Unrated,"February 22, 2013",1 hrs. 41 min.,FRun,"$29,817",2013,,11
"$5,600","$31,500",,12/5,Oscilloscope Pictures,Documentary,These Birds Walk,11/1,462,Unrated,"November 1, 2013",1 hrs. 11 min.,Osci.,"$30,408",2013,1,2
,"$31,300",,-,Gathr Films,Drama,Beyond the Farthest Star,10/18,463,PG-13,"October 18, 2013",1 hrs. 59 min.,Gathr,"$31,433",2013,,1
"$5,400","$31,100",,4/10,International Film Circuit,Documentary,Fire in the Blood,9/6,464,Unrated,"September 6, 2013",1 hrs. 26 min.,ICir,"$28,994",2013,1,4
"$7,300","$30,900",,11/21,Cinipix,Documentary,Long Shot: The Kevin Laue Story (2013),10/25,465,Unrated,"October 25, 2013",,Cini,"$29,863Domestic Lifetime Gross: $45,874",2013,1,3
"$14,100","$30,900",,1/24,Tribeca Film,Comedy / Drama,Struck By Lightning,1/11,466,Unrated,"January 11, 2013",1 hrs. 30 min.,Trib.,"$28,378",2013,1,4
"$7,900","$30,600",,6/16,Cinedigm Entertainment,Western,Dead Man's Burden,5/3,467,Unrated,"May 3, 2013",1 hrs. 33 min.,Cdgm.,"$29,634",2013,1,3
"$5,300","$30,500",,4/24,Cinema Guild,Documentary,Cousin Jules,11/29,468,Unrated,"November 29, 2013",,CGld,"$29,337",2013,1,3
"$22,100","$29,000",,3/14,Entertainment One,Crime,The Sweeney,3/1,469,R,"March 1, 2013",1 hrs. 52 min.,EOne,"$26,650",2013,11,11
"$5,200","$28,600",,5/9,IFC,Thriller,Simon Killer,4/5,470,Unrated,"April 5, 2013",1 hrs. 45 min.,IFC,"$27,740",2013,1,5
"$5,700","$28,600",,11/10,FilmBuff,Documentary,Broadway Idiot,10/11,471,Unrated,"October 11, 2013",1 hrs. 20 min.,FB,"$27,595",2013,1,6
"$11,200","$28,100",,7/9,Freestyle Releasing,Drama,Tiger Eyes,6/7,472,PG-13,"June 7, 2013",1 hrs. 32 min.,Free,"$27,160",2013,17,17
"$15,500","$27,900",,10/10,Breaking Glass Pictures,Foreign,Out in the Dark,9/27,473,Unrated,"September 27, 2013",1 hrs. 36 min.,BGP,"$26,966",2013,6,6
"$8,300","$27,200",,3/14,Steelyard Pictures,Crime Drama,The Power of Few,2/15,474,R,"February 15, 2013",,SP,"$25,000",2013,2,5
"$7,500","$26,300",,8/18,Rialto,Foreign,Le Petit Soldat (2013 re-release),3/8,475,Unrated,"March 8, 2013",1 hrs. 28 min.,Rialto,"$24,296",2013,1,1
"$13,600","$25,900",,9/2,China Lion,Foreign,Tiny Times,7/26,476,Unrated,"July 26, 2013",1 hrs. 56 min.,CL,"$23,462",2013,3,3
"$7,000","$25,800",,2/13,Adopt Films,Documentary,Harry Dean Stanton: Partly Fiction,9/13,477,Unrated,"September 13, 2013",1 hrs. 17 min.,AF,"$23,959",2013,2,4
"$6,000","$25,700",,6/6,Kino Lorber,Documentary,Greenwich Village: Music That Defined a Generation,1/18,478,Unrated,"January 18, 2013",2 hrs. 1 min.,KL,"$23,701",2013,1,2
"$6,100","$25,400",,10/10,Distrib Films,Foreign,Our Children,8/2,479,Unrated,"August 2, 2013",1 hrs. 51 min.,Distrib.,"$23,203",2013,1,4
"$4,600","$25,400",,11/14,IFC,Foreign,Bastards,10/23,480,Unrated,"October 23, 2013",1 hrs. 23 min.,IFC,"$24,525",2013,1,2
"$13,500","$25,300",,-,Drafthouse,Foreign,Graceland,4/26,481,Unrated,"April 26, 2013",1 hrs. 24 min.,Drft.,"$24,529",2013,15,18
$400,"$25,200",,11/3,"Monterey Media, Inc.",Drama,The Citizen,9/6,482,PG-13,"September 6, 2013",1 hrs. 39 min.,Mont.,"$24,296",2013,1,6
"$4,800","$25,100",,1/16,Magnolia,Sci-Fi Thriller,The Last Days on Mars,12/6,483,R,"December 6, 2013",1 hrs. 38 min.,Magn.,"$24,084",2013,3,13
"$6,200","$25,000",,6/27,Strand,Foreign,Paradise: Love,4/26,484,Unrated,"April 26, 2013",2 hrs. 0 min.,Strand,"$24,267",2013,2,4
"$6,400","$24,800",,1/2,Submarine Deluxe,Documentary,Dear Mr. Watterson,11/15,485,Unrated,"November 15, 2013",1 hrs. 39 min.,SD,"$23,899",2013,5,9
"$11,000","$24,100",,-,Magnolia,Horror,V/H/S/2,7/12,486,R,"July 12, 2013",1 hrs. 35 min.,Magn.,"$21,833",2013,12,12
,"$24,000",,9/26,Eleven Arts,Animation,Blue Exorcist The Movie,8/17,487,Unrated,"August 17, 2013",1 hrs. 28 min.,Elev.,"$21,796",2013,,7
"$6,700","$23,900",,3/6,Cinema Guild,Drama,Viola,7/12,488,Unrated,"July 12, 2013",1 hrs. 5 min.,CGld,"$21,818",2013,1,2
"$11,000","$23,700",,-,Magnolia,Horror,The ABC's of Death,3/8,489,Unrated,"March 8, 2013",2 hrs. 9 min.,Magn.,"$21,832",2013,19,19
"$17,800","$23,500",,9/12,Active Fox Productions,Family,Tio Papi,9/6,490,PG,"September 6, 2013",,AFP,"$21,316",2013,21,21
"$5,600","$23,500",,8/1,IFC,Comedy / Drama,The Look of Love,7/5,491,Unrated,"July 5, 2013",1 hrs. 37 min.,IFC,"$21,252",2013,3,6
"$3,900","$23,000",,11/14,Strand,Drama,I Used to Be Darker,9/27,492,Unrated,"September 27, 2013",1 hrs. 30 min.,Strand,"$22,214",2013,1,5
"$8,400","$22,900",,10/31,Indican,Horror Thriller,Murder 11,10/2,493,Unrated,"October 2, 2013",1 hrs. 30 min.,Indic.,"$22,107",2013,2,2
"$6,400","$22,800",,-,Drafthouse,Foreign,Pieta,5/17,494,Unrated,"May 17, 2013",1 hrs. 44 min.,Drft.,"$22,080",2013,12,12
"$6,700","$22,500",,11/7,Cinedigm Entertainment,Documentary,Our Nixon,8/30,495,Unrated,"August 30, 2013",1 hrs. 24 min.,Cdgm.,"$20,584",2013,3,5
"$6,100","$22,200",,5/9,Kino Lorber,Foreign,Violeta Went to Heaven,3/29,496,Unrated,"March 29, 2013",,KL,"$21,496",2013,2,3
,"$22,100",,-,Cohen Media Group,Foreign,Terraferma,7/24,497,R,"July 24, 2013",1 hrs. 28 min.,Cohen,"$19,996",2013,,
"$22,000","$22,000",,9/29,GoGoGo Entertainment,Comedy,Wedding Palace,9/27,498,Unrated,"September 27, 2013",1 hrs. 38 min.,GGGE,"$19,908",2013,6,6
"$3,700","$21,700",,6/6,GKIDS,Animation,The Painting (2013),5/10,499,Unrated,"May 10, 2013",1 hrs. 16 min.,GK,"$21,008",2013,1,6
"$8,100","$21,500",,5/9,Variance Films,Music Drama,Hunky Dory,3/22,500,Unrated,"March 22, 2013",1 hrs. 49 min.,Vari.,"$20,296",2013,11,11
"$13,800","$21,500",,-,NoCoast Artists,Comedy,Whensday,8/9,502,Unrated,"August 9, 2013",1 hrs. 40 min.,NC,"$19,463",2013,1,2
"$9,100","$21,500",,12/12,"Ghosts Media, Inc.",Documentary,The Ghosts In Our Machine,11/8,501,Unrated,"November 8, 2013",1 hrs. 32 min.,GMI,"$20,709",2013,1,2
"$5,300","$20,900",,9/5,Doppelganger Releasing,Documentary,Smash & Grab: The Story of the Pink Panthers,7/31,503,Unrated,"July 31, 2013",1 hrs. 15 min.,DR,"$18,938",2013,1,3
"$3,100","$20,500",,4/11,IFC,Romance,Love and Honor (2013),3/22,504,PG-13,"March 22, 2013",1 hrs. 36 min.,IFC,"$19,684",2013,2,9
"$11,100","$20,500",,-,Tribeca Film,Thriller,A Single Shot,9/20,505,R,"September 20, 2013",1 hrs. 56 min.,Trib.,"$18,642",2013,10,10
"$6,000","$20,400",,3/14,Magnolia,Foreign / Action,The Sorcerer and the White Snake,2/8,506,PG-13,"February 8, 2013",1 hrs. 40 min.,Magn.,"$18,759",2013,1,4
"$4,700","$20,300",,11/7,Magnolia,Horror Comedy,Bad Milo!,10/4,507,R,"October 4, 2013",1 hrs. 24 min.,Magn.,"$19,613",2013,11,11
"$2,400","$20,200",,3/7,Zeitgeist,Foreign,Let My People Go!,1/11,508,Unrated,"January 11, 2013",1 hrs. 26 min.,Zeit.,"$18,529",2013,1,3
"$5,500","$20,000",,10/2,Kino Lorber,Foreign,You Ain't Seen Nothin' Yet,6/7,509,Unrated,"June 7, 2013",1 hrs. 55 min.,KL,"$18,929",2013,2,3
"$9,400","$19,800",,7/25,IFC,Comedy,Dealin' With Idiots,7/12,510,Unrated,"July 12, 2013",1 hrs. 28 min.,IFC,"$17,909",2013,1,3
"$7,800","$19,700",,3/27,APD/Cinema Conservancy,Documentary,Jamel Shabazz Street Photographer,8/2,511,Unrated,"August 2, 2013",,APD/C,"$17,992",2013,1,2
,"$19,500",,4/3,Follow Your Nose Films,Documentary,La Camioneta,5/31,512,Unrated,"May 31, 2013",,FYN,"$18,558",2013,,8
"$5,400","$19,500",,6/13,Kino Lorber,Foreign,Nostalghia,5/31,513,Unrated,"May 31, 2013",,KL,"$18,846",2013,1,1
"$15,500","$19,000",,12/12,Entertainment One,Drama,Twice Born,12/6,514,R,"December 6, 2013",2 hrs. 7 min.,EOne,"$18,295",2013,10,10
"$10,300","$18,900",,6/6,Rialto,Comedy,A Pig Across Paris (2013 re-issue),5/24,515,Unrated,"May 24, 2013",1 hrs. 20 min.,Rialto,"$18,297",2013,1,1
"$5,100","$18,900",,11/7,The Film Collective,Drama,Torn,10/18,516,Unrated,"October 18, 2013",1 hrs. 20 min.,FC,"$18,202",2013,1,5
"$5,900","$18,800",,11/17,Submarine Deluxe,Documentary,Casting By,11/1,517,Unrated,"November 1, 2013",1 hrs. 29 min.,SD,"$18,164",2013,2,2
"$6,000","$18,600",,8/22,Variance Films,Comedy,The History of Future Folk,5/31,518,Unrated,"May 31, 2013",1 hrs. 26 min.,Vari.,"$17,646",2013,1,2
"$5,800","$18,500",,-,The Film Desk,Foreign,Le Pont du Nord (2013 re-release),3/22,519,Unrated,"March 22, 2013",2 hrs. 9 min.,FDesk,"$17,110",2013,1,1
"$10,700","$18,200",,-,Dada Films,Comedy,Mental,3/29,520,Unrated,"March 29, 2013",1 hrs. 56 min.,Da.,"$17,669",2013,12,12
"$3,500","$18,200",,10/3,Cinema Guild,Foreign,Night Across the Street,2/8,521,Unrated,"February 8, 2013",1 hrs. 50 min.,CGld,"$16,778",2013,1,2
"$10,300","$17,700",,6/13,Cinedigm Entertainment,Action / Adventure,Violet & Daisy,6/7,522,R,"June 7, 2013",1 hrs. 28 min.,Cdgm.,"$17,186",2013,17,17
"$2,600","$17,700",,9/15,Area23a,Documentary,Out of the Clear Blue Sky,9/6,523,Unrated,"September 6, 2013",1 hrs. 47 min.,A23,"$16,050",2013,1,2
"$7,400","$17,300",,10/24,Millennium Ent.,Drama,As I Lay Dying,10/11,524,R,"October 11, 2013",1 hrs. 49 min.,MNE,"$16,697",2013,1,2
"$4,400","$17,100",,3/6,First Run,Documentary,Design is One,10/11,525,Unrated,"October 11, 2013",1 hrs. 20 min.,FRun,"$16,386",2013,1,1
"$9,500","$16,500",,-,Drafthouse,Action,I Declare War,8/30,526,Unrated,"August 30, 2013",1 hrs. 34 min.,Drft.,"$14,928",2013,14,14
"$10,300","$16,400",,9/26,Anchor Bay Films,Drama,Jayne Mansfield's Car,9/13,527,R,"September 13, 2013",2 hrs. 2 min.,Anch.,"$14,836",2013,11,11
"$6,000","$15,500",,-,The Ashton Times,Drama,Justice Is Mind,8/18,528,Unrated,"August 18, 2013",2 hrs. 33 min.,TAT,"$14,360",2013,1,1
"$2,800","$15,200",,-,Magnolia,Drama,Kiss of the Damned,5/3,529,R,"May 3, 2013",1 hrs. 36 min.,Magn.,"$14,752",2013,2,7
"$2,800","$15,100",,11/21,Strand,Foreign,Il Futuro,9/6,530,Unrated,"September 6, 2013",1 hrs. 34 min.,Strand,"$14,001",2013,1,3
"$6,100","$14,900",,-,Content Media,Documentary,The Unbelievers,11/29,531,Unrated,"November 29, 2013",1 hrs. 17 min.,CM,"$14,400",2013,1,1
"$3,300","$14,800",,6/6,CJ Entertainment,Foreign,A Wedding Invitation,5/24,532,Unrated,"May 24, 2013",1 hrs. 41 min.,CJ,"$14,350",2013,2,3
"$7,000","$14,700",,-,Brainstorm Media,Romantic Comedy,Dorfman in Love,3/22,533,R,"March 22, 2013",1 hrs. 32 min.,BSM,"$13,737",2013,9,9
"$9,200","$14,700",,3/14,ATO Pictures,Foreign,The Monk,3/8,534,R,"March 8, 2013",1 hrs. 41 min.,ATO,"$13,472",2013,11,11
"$5,600","$14,600",,9/19,Area23a,Documentary,Red Obsession,9/6,535,Unrated,"September 6, 2013",1 hrs. 16 min.,A23,"$13,199",2013,2,3
"$6,100","$14,400",,6/13,Cohen Media Group,Foreign,The Prey,6/6,536,R,"June 6, 2013",1 hrs. 42 min.,Cohen,"$13,959",2013,5,5
,"$14,300",,9/26,"Monterey Media, Inc.",Drama,This is Martin Bonner,6/21,537,R,"June 21, 2013",1 hrs. 23 min.,Mont.,"$13,888",2013,,
"$7,000","$13,300",,6/20,Indican,Drama,A Green Story,5/24,538,Unrated,"May 24, 2013",1 hrs. 37 min.,Indic.,"$12,901",2013,4,4
,"$13,200",,10/31,Indican,Comedy,BoyBand (2013),10/18,539,Unrated,"October 18, 2013",1 hrs. 38 min.,Indic.,"$12,708Domestic Lifetime Gross: $28,336",2013,2,2
"$2,700","$13,000",,1/9,IFC,Drama,The Selfish Giant,12/20,540,Unrated,"December 20, 2013",1 hrs. 25 min.,IFC,"$12,189",2013,3,6
"$8,100","$12,800",,9/12,Active Fox Productions,Thriller,36 Saints,9/6,541,R,"September 6, 2013",,AFP,"$11,640",2013,9,9
"$2,400","$12,600",,8/15,Strand,Foreign,In the Fog,6/14,542,Unrated,"June 14, 2013",2 hrs. 8 min.,Strand,"$11,894",2013,1,3
"$12,600","$12,600",,10/20,UTV Communications,Foreign,Shahid,10/18,543,Unrated,"October 18, 2013",1 hrs. 45 min.,UTV,"$12,153",2013,16,16
,"$12,600",,-,Cohen Media Group,Drama,Just Like a Woman,7/5,544,R,"July 5, 2013",1 hrs. 46 min.,Cohen,"$11,403",2013,,
"$8,300","$12,100",,11/21,Millennium Ent.,Drama,Charlie Countryman,11/15,545,R,"November 15, 2013",1 hrs. 43 min.,MNE,"$11,650",2013,15,15
"$8,000","$11,700",,-,Archstone,Horror Thriller,A Resurrection,3/22,546,R,"March 22, 2013",,AD,"$10,730",2013,17,17
"$5,500","$11,500",,6/27,China Lion,Foreign,So Young,6/14,547,Unrated,"June 14, 2013",2 hrs. 14 min.,CL,"$11,186",2013,3,3
,"$11,500",,5/30,Tribeca Film,Drama,Greetings from Tim Buckley,5/3,548,Unrated,"May 3, 2013",1 hrs. 39 min.,Trib.,"$11,157",2013,,3
$200,"$11,500",,11/3,Driving With Our Eyes Shut,Thriller,Evil Intent,6/29,549,Unrated,"June 29, 2013",1 hrs. 14 min.,DWOES,"$10,454",2013,1,2
"$3,000","$11,400","$2,000",-,Driving With Our Eyes Shut,Horror Comedy,Midget Zombie Takeover,2/8,550,Unrated,"February 8, 2013",1 hrs. 12 min.,DWOES,"$10,604",2013,1,3
"$11,300","$11,300",,2/22,Starz Media,Romantic Comedy,Shanghai Calling,2/15,551,PG-13,"February 15, 2013",1 hrs. 38 min.,SM,"$10,400",2013,4,4
"$3,500","$11,200",,7/11,Striped Entertainment,Comedy,Made in Cleveland,6/21,552,Unrated,"June 21, 2013",1 hrs. 53 min.,SE,"$10,681",2013,5,5
,"$11,000",,12/5,Bonfire Films of America,Documentary,Caucus,10/25,553,Unrated,"October 25, 2013",1 hrs. 40 min.,BFOA,"$10,645",2013,,2
"$7,900","$11,000",,4/18,Leave It Better,Documentary,American Meat,4/12,554,Unrated,"April 12, 2013",,LB,"$10,650",2013,1,1
"$3,300","$10,900",,10/31,Music Box Films,Documentary,The Informant,9/13,556,Unrated,"September 13, 2013",1 hrs. 21 min.,MBox,"$10,068",2013,2,4
"$3,700","$10,900",,9/5,Entertainment One,Drama,InchAllah (U.S. only),8/16,555,R,"August 16, 2013",1 hrs. 42 min.,EOne,"$9,840",2013,1,2
"$1,400","$10,800",,10/31,Music Box Films,Documentary,Shepard and Dark,9/25,557,Unrated,"September 25, 2013",1 hrs. 32 min.,MBox,"$10,278",2013,1,3
"$5,600","$10,700",,12/19,Janus Films,Documentary,Liv & Ingmar,12/13,558,Unrated,"December 13, 2013",1 hrs. 29 min.,Jan.,"$10,347",2013,2,2
,"$10,700",,6/20,The Film Collaborative,Documentary,Elemental,5/17,559,Unrated,"May 17, 2013",1 hrs. 32 min.,TFC,"$10,358",2013,1,3
"$2,700","$10,200",,11/14,Film Movement,Foreign,In the Name Of,10/30,560,Unrated,"October 30, 2013",1 hrs. 42 min.,FM,"$9,883",2013,1,1
"$4,200","$10,200",,5/2,Kino Lorber,Comedy / Drama,If I Were You,3/15,561,R,"March 15, 2013",1 hrs. 55 min.,KL,"$9,432",2013,14,14
"$2,500","$10,200",,10/16,APD/Cinema Conservancy,Drama,Northern Lights (2013 re-release),9/20,563,Unrated,"September 20, 2013",1 hrs. 35 min.,APD/C,"$9,453",2013,1,2
"$4,600","$10,200",,10/24,Rialto,Foreign,Antoine and Antoinette (2013 re-issue),9/25,562,Unrated,"September 25, 2013",1 hrs. 24 min.,Rialto,"$9,704",2013,1,1
"$6,700","$10,200",,4/4,AFFRM,Crime Drama,Better Mus' Come,3/15,564,Unrated,"March 15, 2013",1 hrs. 44 min.,AFFRM,"$9,318",2013,2,2
"$1,300","$10,100",,11/14,First Run,Documentary,Birth of the Living Dead,10/18,565,Unrated,"October 18, 2013",1 hrs. 16 min.,FRun,"$9,802",2013,6,10
"$2,100","$10,100",,5/9,Variance Films,Drama,The End of Love,3/1,566,Unrated,"March 1, 2013",1 hrs. 30 min.,Vari.,"$9,342",2013,2,3
"$3,000","$10,100",,4/11,IFC,Thriller,Welcome to the Punch,3/27,567,PG-13,"March 27, 2013",1 hrs. 39 min.,IFC,"$9,747",2013,2,9
"$8,100","$9,900",,-,AFFRM,Drama,Big Words,7/19,568,Unrated,"July 19, 2013",1 hrs. 34 min.,AFFRM,"$8,965",2013,2,2
"$3,800","$9,900",,5/19,First Run,Foreign,11 Flowers,2/22,569,Unrated,"February 22, 2013",1 hrs. 50 min.,FRun,"$9,213",2013,2,2
"$8,900","$9,800",,2/14,IFC,Foreign,Clandestine Childhood,1/18,570,Unrated,"January 18, 2013",1 hrs. 52 min.,IFC,"$9,017",2013,2,2
,"$9,700",,11/7,Tribeca Film,Comedy,Zero Charisma,10/11,571,Unrated,"October 11, 2013",1 hrs. 26 min.,Trib.,"$9,417",2013,,5
"$5,500","$9,700",,9/12,Millennium Ent.,Horror Comedy,Hell Baby,9/6,572,R,"September 6, 2013",1 hrs. 33 min.,MNE,"$8,785",2013,10,10
"$9,600","$9,600",,6/16,Vanguardia Films,Romantic Comedy,200 Cartas,6/14,573,Unrated,"June 14, 2013",1 hrs. 37 min.,VF,"$9,338",2013,2,2
"$3,100","$9,600",,-,The Film Desk,Foreign,Trouble Every Day (2013 re-release),10/11,574,Unrated,"October 11, 2013",1 hrs. 41 min.,FDesk,"$9,189",2013,1,2
"$7,600","$9,500",,10/17,The Film Arcade,Horror Comedy,Ghost Team One,10/11,575,R,"October 11, 2013",1 hrs. 47 min.,TFA,"$9,195",2013,15,15
"$3,600","$9,500",,7/18,Cinedigm Entertainment,Documentary,Call Me Kuchu,6/14,576,Unrated,"June 14, 2013",1 hrs. 27 min.,Cdgm.,"$9,124",2013,1,1
"$5,000","$9,300",,8/29,The Happy Sad LLC,Drama,The Happy Sad,8/16,577,Unrated,"August 16, 2013",1 hrs. 27 min.,THS,"$8,395",2013,2,2
"$5,200","$9,200",,9/19,Oscilloscope Pictures,Drama,A Teacher,9/6,578,Unrated,"September 6, 2013",1 hrs. 15 min.,Osci.,"$8,348",2013,2,7
"$5,600","$9,200",,6/13,Strand,Foreign,White Elephant,3/29,579,Unrated,"March 29, 2013",1 hrs. 50 min.,Strand,"$8,884",2013,1,1
"$2,600","$9,000",,8/29,Abramorama,Documentary,Downloaded,6/21,580,Unrated,"June 21, 2013",1 hrs. 46 min.,Abr.,"$8,377",2013,2,2
"$5,400","$8,900",,7/18,Anchor Bay Films,Action Comedy,Pawn Shop Chronicles,7/12,581,R,"July 12, 2013",1 hrs. 52 min.,Anch.,"$8,088",2013,15,15
"$3,100","$8,800",,10/24,Argot Pictures,Documentary,The Institute,10/4,582,Unrated,"October 4, 2013",1 hrs. 32 min.,Argo.,"$8,445",2013,2,4
"$1,600","$8,700",,12/12,Kino Lorber,Documentary,La Maison De La Radio,9/4,583,Unrated,"September 4, 2013",1 hrs. 39 min.,KL,"$8,095",2013,1,1
"$6,200","$8,700",,6/13,Freestyle Releasing,Drama,Hello Herman,6/7,584,Unrated,"June 7, 2013",1 hrs. 25 min.,Free,"$8,437",2013,15,15
,"$8,700",,3/6,Under the Milky Way,Foreign,What's In a Name?,12/13,585,Unrated,"December 13, 2013",,UTMW,"$8,111",2013,,12
"$1,700","$8,600",,8/25,Film Movement,Foreign,Aliyah,6/14,586,Unrated,"June 14, 2013",1 hrs. 30 min.,FM,"$8,253",2013,1,2
"$8,600","$8,600",,9/15,Well Go USA,Romance,And While We Were Here,9/13,587,R,"September 13, 2013",1 hrs. 24 min.,WGUSA,"$7,750",2013,19,19
"$3,200","$8,400",,10/10,IFC,Horror,Argento's Dracula 3D,10/4,588,Unrated,"October 4, 2013",1 hrs. 46 min.,IFC,"$8,139",2013,6,6
"$6,700","$8,200",,2/7,Anchor Bay Films,Thriller,Girls Against Boys,2/1,589,R,"February 1, 2013",,Anch.,"$7,529",2013,2,2
"$8,200","$8,200",,10/6,Anchor Bay Films,Horror,Nothing Left to Fear,10/4,590,R,"October 4, 2013",1 hrs. 40 min.,Anch.,"$7,886",2013,5,5
"$2,300","$7,600",,5/16,Gold Cap Films,Comedy,Desperate Acts of Magic,5/3,591,Unrated,"May 3, 2013",1 hrs. 26 min.,GCF,"$7,373",2013,1,2
$400,"$7,400",,11/7,IFC,Drama,A Perfect Man,11/1,592,R,"November 1, 2013",1 hrs. 34 min.,IFC,"$7,117",2013,2,2
"$4,600","$7,200",,4/18,Magnolia,Fantasy Comedy,The Brass Teapot,4/5,593,R,"April 5, 2013",1 hrs. 41 min.,Magn.,"$6,997",2013,2,2
"$3,600","$7,200",,6/8,China Lion,Foreign,Finding Mr. Right,11/8,594,Unrated,"November 8, 2013",2 hrs. 1 min.,CL,"$6,945",2013,3,3
"$3,400","$7,200",,2/14,Striped Entertainment,Thriller,Brief Reunion,1/18,595,Unrated,"January 18, 2013",1 hrs. 28 min.,SE,"$6,601",2013,2,2
"$2,400","$7,200",,9/19,Strand,Foreign,Paradise: Faith,8/23,596,Unrated,"August 23, 2013",1 hrs. 55 min.,Strand,"$6,508",2013,3,3
"$4,700","$7,200",,7/4,High Top Releasing,Documentary,Assaulted: Civil Rights Under Fire,6/20,597,PG-13,"June 20, 2013",1 hrs. 29 min.,HTR,"$6,905",2013,17,17
"$5,600","$7,100",,11/14,Tribeca Film,Drama,Sal,11/1,599,Unrated,"November 1, 2013",1 hrs. 43 min.,Trib.,"$6,883",2013,1,2
,"$7,100",,11/3,KimStim,Documentary,The Human Scale,10/18,598,Unrated,"October 18, 2013",1 hrs. 23 min.,KS,"$6,878",2013,,3
"$3,500","$7,000",,-,Doppelganger Releasing,Horror Comedy,100 Bloody Acres,6/28,600,Unrated,"June 28, 2013",,DR,"$6,388",2013,13,13
"$2,800","$7,000",,1/9,Strand,Foreign,Paradise: Hope,12/6,601,Unrated,"December 6, 2013",1 hrs. 32 min.,Strand,"$6,701",2013,1,3
"$1,700","$6,900",,3/7,IFC,Thriller,Inescapable,2/22,602,R,"February 22, 2013",1 hrs. 33 min.,IFC,"$6,334",2013,2,7
"$1,700","$6,900",,12/22,Abramorama,Drama,Breakfast with Curtis,12/4,603,Unrated,"December 4, 2013",1 hrs. 24 min.,Abr.,"$6,629",2013,1,2
,"$6,800",,-,Unknown,Western,Sweetwater,10/11,604,R,"October 11, 2013",1 hrs. 35 min.,,"$6,147",2013,,
"$5,000","$6,800",,4/11,Anchor Bay Films,Drama,Down the Shore,4/5,605,R,"April 5, 2013",1 hrs. 33 min.,Anch.,"$6,558",2013,2,2
"$3,100","$6,700",,3/6,Cinema Guild,Foreign,The Last Time I Saw Macao,9/13,606,Unrated,"September 13, 2013",1 hrs. 25 min.,CGld,"$6,095",2013,1,1
,"$6,700",,1/2,Tribeca Film,Drama,Some Velvet Morning,12/13,607,Unrated,"December 13, 2013",1 hrs. 22 min.,Trib.,"$6,420",2013,,2
"$4,000","$6,700",,3/7,Oscilloscope Pictures,Drama,Welcome to Pine Hill,3/1,608,Unrated,"March 1, 2013",1 hrs. 21 min.,Osci.,"$6,115",2013,1,1
"$4,700","$6,600",,4/4,UTV Communications,Foreign,Rangrezz,3/22,609,Unrated,"March 22, 2013",2 hrs. 20 min.,UTV,"$6,108",2013,11,11
"$1,200","$6,600",,11/14,First Run,Documentary,Guitar Innovators: John Fahey & Nels Cline,8/16,610,Unrated,"August 16, 2013",1 hrs. 24 min.,FRun,"$6,132",2013,1,2
"$2,800","$6,400",,1/10,Film Movement,Foreign,A Bottle in the Gaza Sea,1/4,611,Unrated,"January 4, 2013",1 hrs. 40 min.,FM,"$5,872",2013,1,2
$700,"$6,300",,1/31,Magnolia,Action Thriller,A Dark Truth,1/4,612,R,"January 4, 2013",1 hrs. 46 min.,Magn.,"$5,750",2013,1,3
,"$6,200",,1/31,IFC,Drama,Knife Fight,1/25,613,R,"January 25, 2013",1 hrs. 38 min.,IFC,"$5,661",2013,2,2
"$4,000","$6,200",,4/11,Freestyle Releasing,Drama,The Playroom,4/5,614,Unrated,"April 5, 2013",,Free,"$5,964",2013,12,12
"$6,000","$6,000",,10/6,Paladin,Drama,Five Dances,10/4,615,Unrated,"October 4, 2013",1 hrs. 23 min.,Pala.,"$5,788",2013,1,1
"$2,500","$5,900",,2/6,First Run,Documentary,People of a Feather,11/8,616,Unrated,"November 8, 2013",1 hrs. 30 min.,FRun,"$5,677",2013,1,1
,"$5,800",,8/8,Tribeca Film,Drama,The Time Being,7/26,617,Unrated,"July 26, 2013",1 hrs. 25 min.,Trib.,"$5,274",2013,,2
"$3,400","$5,500",,6/20,Well Go USA,Foreign,The Guillotines,6/14,618,R,"June 14, 2013",1 hrs. 53 min.,WGUSA,"$5,290",2013,10,10
"$4,100","$5,400",,7/18,Freestyle Releasing,Action,Revelation Road 2,7/12,619,Unrated,"July 12, 2013",,Free,"$4,871",2013,5,5
,"$5,400",,2/7,Tribeca Film,Comedy,Supporting Characters,1/25,620,Unrated,"January 25, 2013",1 hrs. 27 min.,Trib.,"$4,917",2013,,1
"$2,600","$5,300",,7/4,First Run,Documentary,Bidder 70,5/17,621,Unrated,"May 17, 2013",1 hrs. 13 min.,FRun,"$5,074",2013,1,4
"$1,300","$5,200",,4/18,First Run,Documentary,Ferlinghetti: The Rebirth of Wonder,2/8,622,Unrated,"February 8, 2013",1 hrs. 13 min.,FRun,"$4,816",2013,1,2
"$2,300","$5,100",,12/19,First Run,Documentary,Nuclear Nation,12/11,623,Unrated,"December 11, 2013",2 hrs. 25 min.,FRun,"$4,960",2013,1,1
"$3,700","$5,100",,6/13,First Run,Documentary,Herman's House,4/19,624,Unrated,"April 19, 2013",1 hrs. 21 min.,FRun,"$4,956",2013,1,2
$800,"$4,800",,1/23,Magnolia,Foreign,Here Comes the Devil,12/13,625,Unrated,"December 13, 2013",1 hrs. 38 min.,Magn.,"$4,534",2013,2,2
"$2,800","$4,800",,11/3,Rialto,Foreign,Hotel Normandy,9/27,626,Unrated,"September 27, 2013",1 hrs. 24 min.,Rialto,"$4,640",2013,1,1
"$4,700","$4,700",,10/6,Anchor Bay Films,Comedy / Drama,All is Bright,10/4,627,R,"October 4, 2013",1 hrs. 47 min.,Anch.,"$4,556",2013,10,10
"$1,500","$4,600",,2/20,First Run,Documentary,The End of Time,11/29,628,Unrated,"November 29, 2013",1 hrs. 49 min.,FRun,"$4,375",2013,1,1
,"$4,500",,8/29,"Monterey Media, Inc.",Comedy / Drama,Between Us,6/14,629,R,"June 14, 2013",1 hrs. 30 min.,Mont.,"$4,380",2013,,
,"$4,400",,3/21,"Monterey Media, Inc.",Comedy,The Kitchen,3/8,630,R,"March 8, 2013",1 hrs. 20 min.,Mont.,"$4,054",2013,,2
"$1,400","$4,400",,4/14,Area23a,Animation,Silver Circle,3/22,631,PG-13,"March 22, 2013",1 hrs. 30 min.,A23,"$4,080",2013,1,1
,"$4,300",,-,IFC,Romantic Comedy,A Case of You,11/6,632,R,"November 6, 2013",1 hrs. 31 min.,IFC,"$4,187",2013,1,1
"$1,400","$4,300",,5/30,Unknown,Comedy,3 Geezers!,5/22,633,Unrated,"May 22, 2013",1 hrs. 21 min.,,"$4,175",2013,15,15
"$2,200","$4,300",,4/23,Anchor Bay Films,Crime Thriller,Pawn,4/19,634,R,"April 19, 2013",1 hrs. 28 min.,Anch.,"$4,141",2013,1,1
"$3,400","$4,300",,-,IFC,Horror Thriller,Contracted,11/22,635,Unrated,"November 22, 2013",1 hrs. 24 min.,IFC,"$4,105",2013,3,3
"$4,200","$4,200",,11/24,Submarine Deluxe,Documentary,Weekend of a Champion,11/22,636,Unrated,"November 22, 2013",1 hrs. 33 min.,SD,"$4,100",2013,2,2
"$1,800","$4,200",,7/21,Film Movement,Foreign,Three Worlds,6/21,639,Unrated,"June 21, 2013",1 hrs. 41 min.,FM,"$3,952",2013,1,1
"$3,200","$4,200",,10/3,Anchor Bay Films,Drama,Morning,9/27,638,R,"September 27, 2013",,Anch.,"$4,029",2013,4,4
"$1,900","$4,200",,-,Argot Pictures,Documentary,"High Tech, Low Life",1/9,637,Unrated,"January 9, 2013",1 hrs. 28 min.,Argo.,"$3,836",2013,1,1
"$4,200","$4,200",,11/10,GKIDS,Animation,Approved for Adoption,11/8,640,Unrated,"November 8, 2013",1 hrs. 10 min.,GK,"$4,015",2013,1,1
"$2,700","$4,000",,6/6,Strand,Foreign,The Condemned (2013),3/1,641,Unrated,"March 1, 2013",,Strand,"$3,718",2013,1,1
,"$3,800",,-,Vertical Entertainment,Drama / Thriller,Scenic Route,8/23,642,R,"August 23, 2013",1 hrs. 26 min.,VE,"$3,434",2013,,
"$1,700","$3,700",,12/5,Magnolia,Drama,Mr. Nobody,11/1,643,R,"November 1, 2013",2 hrs. 35 min.,Magn.,"$3,622",2013,4,4
"$2,000","$3,700",,12/19,Kino Lorber,Foreign,Tricked,12/13,645,Unrated,"December 13, 2013",0 hrs. 55 min.,KL,"$3,533",2013,1,1
"$2,000","$3,700",,4/4,Cinema Libre Studio,Comedy / Drama,The Happy Poet,3/22,644,Unrated,"March 22, 2013",1 hrs. 25 min.,CLS,"$3,400",2013,1,1
"$1,900","$3,600",,7/4,Rialto,Foreign,The Stroller Strategy,6/14,646,Unrated,"June 14, 2013",1 hrs. 28 min.,Rialto,"$3,462",2013,1,1
"$2,800","$3,500",,12/12,Cohen Media Group,Crime Thriller,Swerve,12/6,647,R,"December 6, 2013",1 hrs. 26 min.,Cohen,"$3,338",2013,5,5
"$3,100","$3,400",,9/19,IM Global/Blumhouse,Drama / Thriller,Plush,9/13,649,R,"September 13, 2013",1 hrs. 39 min.,IMG/B,"$3,080",2013,10,10
"$1,900","$3,400",,8/29,Kino Lorber,Documentary,Drew: The Man Behind the Poster,8/14,648,Unrated,"August 14, 2013",,KL,"$3,078",2013,1,1
$800,"$3,400",,-,Cinema Purgatorio,Horror,Axe Giant: The Wrath of Paul Bunyan,5/31,650,R,"May 31, 2013",1 hrs. 30 min.,CP,"$3,287",2013,2,3
,"$3,300",,-,IFC,Comedy / Drama,As Cool As I Am,6/7,651,R,"June 7, 2013",1 hrs. 32 min.,IFC,"$3,234",2013,1,1
"$1,900","$3,300",,7/18,First Run,Drama,A Girl and a Gun,7/3,652,Unrated,"July 3, 2013",1 hrs. 15 min.,FRun,"$3,018",2013,9,10
"$1,200","$3,100",,9/26,"Monterey Media, Inc.",Crime Drama,Approaching Midnight,8/30,653,Unrated,"August 30, 2013",1 hrs. 26 min.,Mont.,"$2,795",2013,6,6
"$1,700","$2,900",,3/28,Cinedigm Entertainment,Horror,Come Out and Play,3/22,654,R,"March 22, 2013",1 hrs. 27 min.,Cdgm.,"$2,638",2013,10,10
"$1,600","$2,900",,9/5,High Top Releasing,Animation,Last Flight of the Champion,8/30,655,PG,"August 30, 2013",1 hrs. 28 min.,HTR,"$2,597",2013,15,15
,"$2,800",,5/16,Tribeca Film,Drama,What Richard Did,5/10,656,Unrated,"May 10, 2013",1 hrs. 28 min.,Trib.,"$2,749",2013,,1
,"$2,800",,8/15,"Monterey Media, Inc.",Drama,The Lesser Blessed,5/24,657,R,"May 24, 2013",1 hrs. 26 min.,Mont.,"$2,732",2013,,
"$1,200","$2,700",,-,Argot Pictures,Romantic Comedy,Almost in Love,2/15,658,Unrated,"February 15, 2013",1 hrs. 23 min.,Argo.,"$2,510",2013,1,1
"$1,700","$2,700",,10/10,First Run,Documentary,Men at Lunch,9/20,659,Unrated,"September 20, 2013",1 hrs. 15 min.,FRun,"$2,483",2013,1,1
,"$2,700",,-,Tribeca Film,Drama,Sparrow's Dance,8/23,660,Unrated,"August 23, 2013",1 hrs. 21 min.,Trib.,"$2,602",2013,,1
"$1,700","$2,600",,10/20,Archstone,Horror,Cassadaga,10/11,661,R,"October 11, 2013",1 hrs. 48 min.,AD,"$2,544",2013,3,3
"$1,800","$2,600",,10/10,Striped Entertainment,Drama,The Last Day of August,10/4,662,Unrated,"October 4, 2013",1 hrs. 30 min.,SE,"$2,492",2013,1,1
$700,"$2,400",,9/19,Reactor 88 Studios,Comedy,InSpectres,9/5,663,Unrated,"September 5, 2013",,R88,"$2,207",2013,1,1
"$1,800","$2,400",,4/14,Unknown,Drama,Lotus Eaters,4/5,664,Unrated,"April 5, 2013",1 hrs. 18 min.,,"$2,325",2013,1,1
"$1,800","$2,400",,-,First Run,Comedy,The Happy House,5/3,665,Unrated,"May 3, 2013",1 hrs. 20 min.,FRun,"$2,311",2013,1,1
"$2,300","$2,300",,2/28,Tribeca Film,Comedy,Rubberneck,2/22,667,Unrated,"February 22, 2013",,Trib.,"$2,075",2013,1,1
"$2,300","$2,300",,2/28,Tribeca Film,Comedy,Red Flag,2/22,666,Unrated,"February 22, 2013",,Trib.,"$2,075",2013,1,1
"$1,200","$2,000",,-,Magnolia,Comedy / Drama,Best Man Down,11/8,668,PG-13,"November 8, 2013",1 hrs. 27 min.,Magn.,"$1,938",2013,2,2
"$1,400","$2,000",,7/4,Anchor Bay Films,Horror Comedy,Detention of the Dead,6/28,669,Unrated,"June 28, 2013",,Anch.,"$1,777",2013,2,2
"$1,300","$1,900",,-,First Run,Documentary,You Don't Need Feet to Dance,3/22,670,Unrated,"March 22, 2013",1 hrs. 28 min.,FRun,"$1,719",2013,1,1
"$1,000","$1,700",,5/2,Doppelganger Releasing,Horror Comedy,Eddie the Sleepwalking Cannibal,4/5,671,Unrated,"April 5, 2013",1 hrs. 30 min.,DR,"$1,632",2013,5,5
"$1,200","$1,600",,2/21,Anchor Bay Films,Action,The Package (2013),2/15,672,R,"February 15, 2013",1 hrs. 36 min.,Anch.,"$1,469",2013,1,1
"$1,200","$1,600",,1/24,Anchor Bay Films,Crime Drama,Officer Down,1/18,673,R,"January 18, 2013",,Anch.,"$1,463",2013,1,1
$800,"$1,200",,3/7,Blue Llama,Comedy / Drama,Veer!,3/1,674,Unrated,"March 1, 2013",,BLS,"$1,132",2013,1,1
,"$1,200",,12/12,AfterLight,Horror,A Zombie Invasion,12/12,675,Unrated,"December 12, 2013",,ALP,"$1,170",2013,,1
,"$1,200",,-,Screen Media,Foreign,Paris Countdown,11/8,676,Unrated,"November 8, 2013",1 hrs. 29 min.,Scre.,"$1,055",2013,,
,"$1,100",,-,Cinedigm Entertainment,Thriller,Absence,7/5,677,Unrated,"July 5, 2013",1 hrs. 22 min.,Cdgm.,"$1,031",2013,,
,"$1,100",,-,IFC,Action,Java Heat,5/10,679,R,"May 10, 2013",1 hrs. 44 min.,IFC,"$1,061",2013,1,1
$400,"$1,100",,12/8,Vitagraph,Foreign,Caught in the Web,11/27,678,Unrated,"November 27, 2013",1 hrs. 57 min.,Vita.,"$1,067",2013,1,2
"$1,100","$1,100",,12/8,Millennium Ent.,Animation,Khumba,12/6,680,Unrated,"December 6, 2013",1 hrs. 24 min.,MNE,"$1,029",2013,2,2
,"$1,100",,11/14,AfterLight,Sci-Fi,Remnants,11/14,681,Unrated,"November 14, 2013",1 hrs. 33 min.,ALP,"$1,022",2013,,1
,$900,,11/14,,,Billy and Buddy,11/8,682,,,,Distrib.,,2013,,2
$500,$900,,9/26,Anchor Bay Films,Horror,I Spit on Your Grave 2,9/20,683,R,"September 20, 2013",1 hrs. 46 min.,Anch.,$809,2013,1,1
$100,$700,,4/25,,,Into the White,4/12,684,,,,Magn.,,2013,1,1
$200,$700,,-,Magnolia,Action,Hammer of the Gods,7/5,685,R,"July 5, 2013",1 hrs. 39 min.,Magn.,$641,2013,2,2
$300,$700,,-,Magnolia,Comedy / Drama,Syrup,6/7,686,R,"June 7, 2013",1 hrs. 30 min.,Magn.,$663,2013,1,1
$400,$500,,-,,,Triumph of the Wall,5/31,687,,,,FRun,,2013,1,1
$100,$100,,-,Magnolia,Sci-Fi Horror,Storage 24,1/18,688,R,"January 18, 2013",1 hrs. 27 min.,Magn.,$72,2013,1,1
